Var1,Var2
2021-09-30 13:49:46,23.097
2021-09-30 14:04:46,23.1
2021-09-30 14:19:46,23.098
2021-09-30 14:34:46,23.098
2021-09-30 14:49:46,23.1
2021-09-30 15:04:46,23.098
2021-09-30 15:19:46,23.098
2021-09-30 15:34:46,23.098
2021-09-30 15:49:46,23.098
2021-09-30 16:04:46,23.098
2021-09-30 16:19:46,23.101
2021-09-30 16:34:46,23.1
2021-09-30 16:49:46,23.099
2021-09-30 17:04:46,23.104
2021-09-30 17:19:45,23.098
2021-09-30 17:19:46,23.098
2021-09-30 17:34:45,23.1
2021-09-30 17:49:45,23.099
2021-09-30 18:04:45,23.098
2021-09-30 18:19:45,23.1
2021-09-30 18:34:45,23.101
2021-09-30 18:49:45,23.097
2021-09-30 19:04:45,23.099
2021-09-30 19:19:45,23.098
2021-09-30 19:34:45,23.099
2021-09-30 19:49:45,23.097
2021-09-30 20:04:45,23.1
2021-09-30 20:19:45,23.095
2021-09-30 20:34:45,23.1
2021-09-30 20:49:45,23.103
2021-09-30 21:04:45,23.099
2021-09-30 21:19:45,23.1
2021-09-30 21:34:44,23.099
2021-09-30 21:34:45,23.099
2021-09-30 21:49:44,23.1
2021-09-30 21:49:45,23.1
2021-09-30 22:04:44,23.093
2021-09-30 22:19:44,23.096
2021-09-30 22:34:44,23.098
2021-09-30 22:49:44,23.099
2021-09-30 23:04:44,23.098
2021-09-30 23:19:44,23.097
2021-09-30 23:34:44,23.1
2021-09-30 23:49:44,23.097
2021-10-01 00:04:44,23.097
2021-10-01 00:19:44,23.096
2021-10-01 00:34:44,23.099
2021-10-01 00:49:44,23.097
2021-10-01 01:04:44,23.095
2021-10-01 01:19:44,23.098
2021-10-01 01:34:43,23.097
2021-10-01 01:34:44,23.097
2021-10-01 01:49:43,23.096
2021-10-01 01:49:44,23.096
2021-10-01 02:04:43,23.096
2021-10-01 02:04:44,23.096
2021-10-01 02:19:43,23.096
2021-10-01 02:34:43,23.099
2021-10-01 02:49:43,23.097
2021-10-01 03:04:43,23.098
2021-10-01 03:19:43,23.096
2021-10-01 03:34:43,23.095
2021-10-01 03:49:43,23.097
2021-10-01 04:04:43,23.096
2021-10-01 04:19:43,23.094
2021-10-01 04:34:43,23.101
2021-10-01 04:49:43,23.097
2021-10-01 05:04:43,23.097
2021-10-01 05:19:43,23.096
2021-10-01 05:34:43,23.101
2021-10-01 05:49:43,23.103
2021-10-01 06:04:42,23.104
2021-10-01 06:04:43,23.104
2021-10-01 06:19:42,23.116
2021-10-01 06:19:43,23.116
2021-10-01 06:34:42,23.113
2021-10-01 06:34:43,23.113
2021-10-01 06:49:42,23.108
2021-10-01 07:04:42,23.107
2021-10-01 07:19:42,23.108
2021-10-01 07:34:42,23.106
2021-10-01 07:49:42,23.121
2021-10-01 08:04:42,23.137
2021-10-01 08:19:42,23.14
2021-10-01 08:34:42,23.142
2021-10-01 08:49:42,23.135
2021-10-01 09:04:42,23.131
2021-10-01 09:19:42,23.125
2021-10-01 09:34:42,23.131
2021-10-01 09:49:42,23.134
2021-10-01 10:04:42,23.14
2021-10-01 10:19:41,23.154
2021-10-01 10:19:42,23.154
2021-10-01 10:34:41,23.145
2021-10-01 10:34:42,23.145
2021-10-01 10:49:41,23.152
2021-10-01 10:49:42,23.152
2021-10-01 11:04:41,23.154
2021-10-01 11:19:41,23.154
2021-10-01 11:34:41,23.14
2021-10-01 11:49:41,23.154
2021-10-01 12:04:41,23.161
2021-10-01 12:19:41,23.151
2021-10-01 12:34:41,23.155
2021-10-01 12:49:41,23.153
2021-10-01 13:04:41,23.157
2021-10-01 13:19:41,23.141
2021-10-01 13:34:41,23.141
2021-10-01 13:49:41,23.147
2021-10-01 14:04:41,23.142
2021-10-01 14:19:41,23.139
2021-10-01 14:34:40,23.141
2021-10-01 14:34:41,23.141
2021-10-01 14:49:40,23.139
2021-10-01 14:49:41,23.139
2021-10-01 15:04:40,23.135
2021-10-01 15:04:41,23.135
2021-10-01 15:19:40,23.137
2021-10-01 15:34:40,23.136
2021-10-01 15:49:40,23.132
2021-10-01 16:04:40,23.132
2021-10-01 16:19:40,23.129
2021-10-01 16:34:40,23.128
2021-10-01 16:49:40,23.126
2021-10-01 17:04:40,23.126
2021-10-01 17:19:40,23.121
2021-10-01 18:04:40,23.118
2021-10-01 18:19:40,23.116
2021-10-01 18:34:40,23.116
2021-10-01 18:49:39,23.117
2021-10-01 18:49:40,23.117
2021-10-01 19:04:39,23.113
2021-10-01 19:04:40,23.113
2021-10-01 19:19:39,23.114
2021-10-01 19:19:40,23.114
2021-10-01 19:34:39,23.115
2021-10-01 19:49:39,23.114
2021-10-01 20:04:39,23.116
2021-10-01 20:19:39,23.116
2021-10-01 20:34:39,23.12
2021-10-01 20:49:39,23.13
2021-10-01 21:04:39,23.13
2021-10-01 21:19:39,23.132
2021-10-01 21:34:39,23.131
2021-10-01 21:49:39,23.126
2021-10-01 22:04:39,23.132
2021-10-01 22:19:39,23.131
2021-10-01 22:34:39,23.136
2021-10-01 22:49:39,23.136
2021-10-01 23:04:38,23.133
2021-10-01 23:04:39,23.133
2021-10-01 23:19:38,23.13
2021-10-01 23:19:39,23.13
2021-10-01 23:34:38,23.142
2021-10-01 23:34:39,23.142
2021-10-01 23:49:38,23.148
2021-10-02 00:04:38,23.154
2021-10-02 00:19:38,23.155
2021-10-02 00:34:38,23.169
2021-10-02 00:49:38,23.17
2021-10-02 01:04:38,23.174
2021-10-02 01:19:38,23.178
2021-10-02 01:34:38,23.185
2021-10-02 01:49:38,23.188
2021-10-02 02:04:38,23.192
2021-10-02 02:19:38,23.196
2021-10-02 02:34:38,23.201
2021-10-02 02:49:38,23.205
2021-10-02 03:04:38,23.214
2021-10-02 03:19:38,23.213
2021-10-02 03:34:38,23.216
2021-10-02 03:49:37,23.223
2021-10-02 04:04:37,23.219
2021-10-02 04:19:37,23.219
2021-10-02 04:34:37,23.224
2021-10-02 04:49:37,23.225
2021-10-02 05:04:37,23.228
2021-10-02 05:19:37,23.228
2021-10-02 05:34:37,23.228
2021-10-02 05:49:37,23.23
2021-10-02 06:04:37,23.228
2021-10-02 06:19:37,23.231
2021-10-02 06:34:37,23.232
2021-10-02 06:49:37,23.231
2021-10-02 07:04:37,23.23
2021-10-02 07:19:36,23.225
2021-10-02 07:19:37,23.225
2021-10-02 07:34:36,23.219
2021-10-02 07:34:37,23.219
2021-10-02 07:49:36,23.219
2021-10-02 08:04:36,23.217
2021-10-02 08:19:36,23.216
2021-10-02 08:34:36,23.215
2021-10-02 08:49:36,23.215
2021-10-02 09:04:36,23.213
2021-10-02 09:19:36,23.212
2021-10-02 09:34:36,23.207
2021-10-02 09:49:36,23.203
2021-10-02 10:04:36,23.202
2021-10-02 10:19:36,23.191
2021-10-02 10:34:36,23.192
2021-10-02 10:49:36,23.189
2021-10-02 11:04:36,23.183
2021-10-02 11:19:36,23.183
2021-10-02 11:34:35,23.171
2021-10-02 11:34:36,23.171
2021-10-02 11:49:35,23.176
2021-10-02 11:49:36,23.176
2021-10-02 12:04:35,23.158
2021-10-02 12:04:36,23.158
2021-10-02 12:19:35,23.171
2021-10-02 12:34:35,23.165
2021-10-02 12:49:35,23.164
2021-10-02 13:04:35,23.159
2021-10-02 13:19:35,23.154
2021-10-02 13:34:35,23.153
2021-10-02 13:49:35,23.161
2021-10-02 14:04:35,23.152
2021-10-02 14:19:35,23.148
2021-10-02 14:34:35,23.151
2021-10-02 14:49:35,23.147
2021-10-02 15:04:35,23.142
2021-10-02 15:19:35,23.145
2021-10-02 15:34:35,23.145
2021-10-02 15:49:34,23.141
2021-10-02 15:49:35,23.141
2021-10-02 16:04:34,23.145
2021-10-02 16:04:35,23.145
2021-10-02 16:19:34,23.143
2021-10-02 16:19:35,23.143
2021-10-02 16:34:34,23.14
2021-10-02 16:34:35,23.14
2021-10-02 16:49:34,23.134
2021-10-02 17:04:34,23.13
2021-10-02 17:19:34,23.134
2021-10-02 17:34:34,23.136
2021-10-02 17:49:34,23.132
2021-10-02 18:04:34,23.128
2021-10-02 18:19:34,23.131
2021-10-02 18:34:34,23.126
2021-10-02 18:49:34,23.126
2021-10-02 19:04:34,23.13
2021-10-02 19:19:34,23.125
2021-10-02 19:34:34,23.126
2021-10-02 19:49:34,23.128
2021-10-02 20:04:34,23.125
2021-10-02 20:19:34,23.12
2021-10-02 20:34:33,23.126
2021-10-02 20:34:34,23.126
2021-10-02 20:49:33,23.124
2021-10-02 20:49:34,23.124
2021-10-02 21:04:33,23.126
2021-10-02 21:19:33,23.124
2021-10-02 21:34:33,23.123
2021-10-02 21:49:33,23.123
2021-10-02 22:04:33,23.13
2021-10-02 22:19:33,23.121
2021-10-02 22:34:33,23.122
2021-10-02 22:49:33,23.118
2021-10-02 23:04:33,23.118
2021-10-02 23:19:33,23.118
2021-10-02 23:34:33,23.118
2021-10-02 23:49:33,23.116
2021-10-03 00:04:32,23.119
2021-10-03 00:04:33,23.119
2021-10-03 00:19:32,23.116
2021-10-03 00:19:33,23.116
2021-10-03 00:34:32,23.117
2021-10-03 00:34:33,23.117
2021-10-03 00:49:32,23.116
2021-10-03 01:04:32,23.117
2021-10-03 01:19:32,23.119
2021-10-03 01:34:32,23.118
2021-10-03 01:49:32,23.118
2021-10-03 02:04:32,23.115
2021-10-03 02:19:32,23.115
2021-10-03 02:34:32,23.116
2021-10-03 02:49:32,23.115
2021-10-03 03:04:32,23.115
2021-10-03 03:19:32,23.115
2021-10-03 03:34:32,23.118
2021-10-03 03:49:32,23.116
2021-10-03 04:04:32,23.114
2021-10-03 04:19:32,23.115
2021-10-03 04:34:31,23.118
2021-10-03 04:34:32,23.118
2021-10-03 04:49:31,23.113
2021-10-03 04:49:32,23.113
2021-10-03 05:04:31,23.115
2021-10-03 05:04:32,23.115
2021-10-03 05:19:31,23.112
2021-10-03 05:34:31,23.112
2021-10-03 05:49:31,23.116
2021-10-03 06:04:31,23.114
2021-10-03 06:19:31,23.112
2021-10-03 06:34:31,23.114
2021-10-03 06:49:31,23.115
2021-10-03 07:04:31,23.113
2021-10-03 07:19:31,23.111
2021-10-03 07:34:31,23.115
2021-10-03 07:49:31,23.112
2021-10-03 08:04:31,23.114
2021-10-03 08:19:31,23.111
2021-10-03 08:34:31,23.111
2021-10-03 08:49:30,23.11
2021-10-03 08:49:31,23.11
2021-10-03 09:04:30,23.113
2021-10-03 09:04:31,23.113
2021-10-03 09:19:30,23.109
2021-10-03 09:19:31,23.109
2021-10-03 09:34:30,23.108
2021-10-03 09:49:30,23.113
2021-10-03 10:04:30,23.111
2021-10-03 10:19:30,23.11
2021-10-03 10:34:30,23.111
2021-10-03 10:49:30,23.114
2021-10-03 11:04:30,23.11
2021-10-03 11:19:30,23.111
2021-10-03 11:34:30,23.111
2021-10-03 11:49:30,23.112
2021-10-03 12:04:30,23.112
2021-10-03 12:19:30,23.11
2021-10-03 12:19:31,23.11
2021-10-03 12:34:30,23.11
2021-10-03 12:49:30,23.112
2021-10-03 13:04:29,23.11
2021-10-03 13:04:30,23.11
2021-10-03 13:19:29,23.111
2021-10-03 13:19:30,23.111
2021-10-03 13:34:29,23.112
2021-10-03 13:34:30,23.112
2021-10-03 13:49:29,23.112
2021-10-03 14:04:29,23.109
2021-10-03 14:19:29,23.112
2021-10-03 14:34:29,23.111
2021-10-03 14:49:29,23.109
2021-10-03 15:04:29,23.114
2021-10-03 15:19:29,23.11
2021-10-03 15:34:29,23.108
2021-10-03 15:49:29,23.109
2021-10-03 16:04:29,23.112
2021-10-03 16:19:29,23.111
2021-10-03 16:34:29,23.109
2021-10-03 16:49:29,23.109
2021-10-03 17:04:29,23.11
2021-10-03 17:19:28,23.11
2021-10-03 17:19:29,23.11
2021-10-03 17:34:28,23.11
2021-10-03 17:49:28,23.111
2021-10-03 18:04:28,23.109
2021-10-03 18:19:28,23.112
2021-10-03 18:34:28,23.107
2021-10-03 18:49:28,23.107
2021-10-03 19:04:28,23.111
2021-10-03 19:19:28,23.11
2021-10-03 19:34:28,23.108
2021-10-03 19:49:28,23.109
2021-10-03 20:04:28,23.108
2021-10-03 20:19:28,23.108
2021-10-03 20:19:29,23.108
2021-10-03 20:34:28,23.109
2021-10-03 20:49:28,23.109
2021-10-03 21:04:28,23.108
2021-10-03 21:19:28,23.11
2021-10-03 21:34:27,23.11
2021-10-03 21:34:28,23.11
2021-10-03 21:49:27,23.107
2021-10-03 22:04:27,23.11
2021-10-03 22:19:27,23.108
2021-10-03 22:34:27,23.107
2021-10-03 22:49:27,23.112
2021-10-03 23:04:27,23.114
2021-10-03 23:19:27,23.112
2021-10-03 23:34:27,23.118
2021-10-03 23:49:27,23.117
2021-10-04 00:04:27,23.119
2021-10-04 00:19:27,23.128
2021-10-04 00:34:27,23.128
2021-10-04 00:49:27,23.148
2021-10-04 01:04:27,23.153
2021-10-04 01:19:26,23.152
2021-10-04 01:19:27,23.152
2021-10-04 01:34:26,23.17
2021-10-04 01:34:27,23.17
2021-10-04 01:49:26,23.168
2021-10-04 01:49:27,23.168
2021-10-04 02:04:26,23.171
2021-10-04 02:19:26,23.174
2021-10-04 02:34:26,23.189
2021-10-04 02:49:26,23.208
2021-10-04 03:04:26,23.227
2021-10-04 03:19:26,23.243
2021-10-04 03:34:26,23.27
2021-10-04 03:49:26,23.278
2021-10-04 04:04:26,23.286
2021-10-04 04:19:26,23.298
2021-10-04 04:34:26,23.309
2021-10-04 04:49:26,23.315
2021-10-04 05:04:26,23.323
2021-10-04 05:19:26,23.338
2021-10-04 05:34:25,23.356
2021-10-04 05:34:26,23.356
2021-10-04 05:49:25,23.369
2021-10-04 05:49:26,23.369
2021-10-04 06:04:25,23.366
2021-10-04 06:19:25,23.366
2021-10-04 06:34:25,23.359
2021-10-04 06:49:25,23.366
2021-10-04 07:04:25,23.36
2021-10-04 07:19:25,23.359
2021-10-04 07:34:25,23.367
2021-10-04 07:49:25,23.37
2021-10-04 08:04:25,23.369
2021-10-04 08:19:25,23.374
2021-10-04 08:34:25,23.384
2021-10-04 08:49:25,23.383
2021-10-04 09:04:25,23.393
2021-10-04 09:19:25,23.403
2021-10-04 09:34:25,23.396
2021-10-04 09:49:24,23.4
2021-10-04 09:49:25,23.4
2021-10-04 10:04:24,23.406
2021-10-04 10:04:25,23.406
2021-10-04 10:19:24,23.414
2021-10-04 10:19:25,23.414
2021-10-04 10:34:24,23.415
2021-10-04 10:49:24,23.422
2021-10-04 11:04:24,23.417
2021-10-04 11:19:24,23.428
2021-10-04 11:34:24,23.434
2021-10-04 11:49:24,23.434
2021-10-04 12:04:24,23.433
2021-10-04 12:19:24,23.438
2021-10-04 12:34:24,23.434
2021-10-04 12:49:24,23.435
2021-10-04 13:04:24,23.438
2021-10-04 13:19:24,23.437
2021-10-04 13:34:24,23.433
2021-10-04 13:49:24,23.437
2021-10-04 14:04:23,23.439
2021-10-04 14:19:23,23.434
2021-10-04 14:34:23,23.44
2021-10-04 14:49:23,23.437
2021-10-04 15:04:23,23.432
2021-10-04 15:19:23,23.433
2021-10-04 15:34:23,23.438
2021-10-04 15:49:23,23.436
2021-10-04 16:04:23,23.431
2021-10-04 16:19:23,23.431
2021-10-04 16:34:23,23.426
2021-10-04 16:49:23,23.424
2021-10-04 17:04:23,23.421
2021-10-04 17:19:23,23.416
2021-10-04 17:34:23,23.417
2021-10-04 17:49:23,23.403
2021-10-04 18:04:22,23.408
2021-10-04 18:04:23,23.408
2021-10-04 18:19:22,23.401
2021-10-04 18:34:22,23.399
2021-10-04 18:49:22,23.396
2021-10-04 19:04:22,23.393
2021-10-04 19:19:22,23.388
2021-10-04 19:34:22,23.385
2021-10-04 19:49:22,23.374
2021-10-04 20:04:22,23.367
2021-10-04 20:19:22,23.358
2021-10-04 20:34:22,23.336
2021-10-04 20:49:22,23.309
2021-10-04 21:04:22,23.29
2021-10-04 21:19:22,23.261
2021-10-04 21:34:22,23.234
2021-10-04 21:49:22,23.218
2021-10-04 22:04:22,23.216
2021-10-04 22:19:22,23.214
2021-10-04 22:34:21,23.213
2021-10-04 22:34:22,23.213
2021-10-04 22:49:21,23.206
2021-10-04 22:49:22,23.206
2021-10-04 23:04:21,23.2
2021-10-04 23:19:21,23.2
2021-10-04 23:34:21,23.201
2021-10-04 23:49:21,23.2
2021-10-05 00:04:21,23.198
2021-10-05 00:19:21,23.201
2021-10-05 00:34:21,23.195
2021-10-05 00:49:21,23.193
2021-10-05 01:04:21,23.193
2021-10-05 01:19:21,23.195
2021-10-05 01:34:21,23.195
2021-10-05 01:49:21,23.207
2021-10-05 02:04:21,23.215
2021-10-05 02:19:20,23.222
2021-10-05 02:19:21,23.222
2021-10-05 02:34:20,23.224
2021-10-05 02:34:21,23.224
2021-10-05 02:49:20,23.229
2021-10-05 03:04:20,23.232
2021-10-05 03:19:20,23.23
2021-10-05 03:34:20,23.241
2021-10-05 03:49:20,23.247
2021-10-05 04:04:20,23.259
2021-10-05 04:19:20,23.253
2021-10-05 04:34:20,23.264
2021-10-05 04:49:20,23.273
2021-10-05 05:04:20,23.27
2021-10-05 05:19:20,23.276
2021-10-05 05:34:20,23.278
2021-10-05 05:49:20,23.278
2021-10-05 06:04:20,23.281
2021-10-05 06:19:20,23.278
2021-10-05 06:34:20,23.282
2021-10-05 06:49:19,23.282
2021-10-05 06:49:20,23.282
2021-10-05 07:04:19,23.28
2021-10-05 07:04:20,23.28
2021-10-05 07:19:19,23.28
2021-10-05 07:34:19,23.282
2021-10-05 07:49:19,23.278
2021-10-05 08:04:19,23.273
2021-10-05 08:19:19,23.271
2021-10-05 08:34:19,23.262
2021-10-05 08:49:19,23.257
2021-10-05 09:04:19,23.252
2021-10-05 09:19:19,23.242
2021-10-05 09:34:19,23.237
2021-10-05 09:49:19,23.233
2021-10-05 10:04:19,23.231
2021-10-05 10:19:19,23.229
2021-10-05 10:34:19,23.228
2021-10-05 10:49:18,23.219
2021-10-05 10:49:19,23.219
2021-10-05 11:04:18,23.213
2021-10-05 11:04:19,23.213
2021-10-05 11:19:18,23.21
2021-10-05 11:19:19,23.21
2021-10-05 11:34:18,23.209
2021-10-05 11:49:18,23.211
2021-10-05 12:04:18,23.203
2021-10-05 12:19:18,23.201
2021-10-05 12:34:18,23.205
2021-10-05 12:49:18,23.2
2021-10-05 13:04:18,23.194
2021-10-05 13:19:18,23.197
2021-10-05 13:34:18,23.191
2021-10-05 13:49:18,23.192
2021-10-05 14:04:18,23.195
2021-10-05 14:19:18,23.189
2021-10-05 14:34:18,23.194
2021-10-05 14:49:18,23.188
2021-10-05 15:04:17,23.185
2021-10-05 15:04:18,23.185
2021-10-05 15:19:17,23.187
2021-10-05 15:19:18,23.187
2021-10-05 15:34:17,23.185
2021-10-05 15:34:18,23.185
2021-10-05 15:49:17,23.184
2021-10-05 16:04:17,23.184
2021-10-05 16:19:17,23.181
2021-10-05 16:34:17,23.177
2021-10-05 16:49:17,23.182
2021-10-05 17:04:17,23.176
2021-10-05 17:19:17,23.174
2021-10-05 17:34:17,23.178
2021-10-05 17:49:17,23.177
2021-10-05 18:04:17,23.174
2021-10-05 18:19:17,23.175
2021-10-05 18:34:17,23.174
2021-10-05 18:49:17,23.174
2021-10-05 19:04:16,23.174
2021-10-05 19:04:17,23.174
2021-10-05 19:19:16,23.171
2021-10-05 19:19:17,23.171
2021-10-05 19:34:16,23.166
2021-10-05 19:34:17,23.166
2021-10-05 19:49:16,23.173
2021-10-05 20:04:16,23.169
2021-10-05 20:19:16,23.17
2021-10-05 20:34:16,23.158
2021-10-05 20:49:16,23.166
2021-10-05 21:04:16,23.165
2021-10-05 21:04:17,23.165
2021-10-05 21:19:16,23.168
2021-10-05 21:34:16,23.164
2021-10-05 21:49:16,23.157
2021-10-05 22:04:16,23.162
2021-10-05 22:19:16,23.17
2021-10-05 22:34:16,23.163
2021-10-05 22:49:16,23.169
2021-10-05 23:04:16,23.169
2021-10-05 23:19:16,23.156
2021-10-05 23:34:16,23.167
2021-10-05 23:49:15,23.159
2021-10-05 23:49:16,23.159
2021-10-06 00:04:15,23.164
2021-10-06 00:19:15,23.162
2021-10-06 00:34:15,23.15
2021-10-06 00:49:15,23.161
2021-10-06 01:04:15,23.155
2021-10-06 01:19:15,23.159
2021-10-06 01:34:15,23.148
2021-10-06 01:49:15,23.161
2021-10-06 02:04:15,23.155
2021-10-06 02:19:15,23.154
2021-10-06 02:34:15,23.155
2021-10-06 02:49:15,23.161
2021-10-06 03:04:15,23.16
2021-10-06 03:19:15,23.159
2021-10-06 03:34:14,23.16
2021-10-06 03:34:15,23.16
2021-10-06 03:49:14,23.153
2021-10-06 03:49:15,23.153
2021-10-06 04:04:14,23.152
2021-10-06 04:19:14,23.161
2021-10-06 04:34:14,23.158
2021-10-06 04:49:14,23.158
2021-10-06 05:04:14,23.155
2021-10-06 05:19:14,23.147
2021-10-06 05:34:14,23.153
2021-10-06 05:49:14,23.154
2021-10-06 06:04:14,23.147
2021-10-06 06:19:14,23.151
2021-10-06 06:34:14,23.153
2021-10-06 06:49:14,23.148
2021-10-06 07:04:14,23.156
2021-10-06 07:19:14,23.151
2021-10-06 07:34:14,23.148
2021-10-06 07:49:13,23.17
2021-10-06 07:49:14,23.17
2021-10-06 08:04:13,23.166
2021-10-06 08:04:14,23.166
2021-10-06 08:19:13,23.167
2021-10-06 08:19:14,23.167
2021-10-06 08:34:13,23.163
2021-10-06 08:49:13,23.157
2021-10-06 08:49:14,23.157
2021-10-06 09:04:13,23.174
2021-10-06 09:19:13,23.182
2021-10-06 09:34:13,23.184
2021-10-06 09:49:13,23.186
2021-10-06 10:04:13,23.191
2021-10-06 10:19:13,23.202
2021-10-06 10:34:13,23.221
2021-10-06 10:49:13,23.236
2021-10-06 11:04:13,23.257
2021-10-06 11:19:13,23.277
2021-10-06 11:34:13,23.293
2021-10-06 11:49:13,23.309
2021-10-06 12:04:12,23.317
2021-10-06 12:04:13,23.317
2021-10-06 12:19:12,23.33
2021-10-06 12:19:13,23.33
2021-10-06 12:34:12,23.359
2021-10-06 12:34:13,23.359
2021-10-06 12:49:12,23.371
2021-10-06 12:49:13,23.371
2021-10-06 13:04:12,23.381
2021-10-06 13:19:12,23.39
2021-10-06 13:34:12,23.398
2021-10-06 13:49:12,23.406
2021-10-06 14:04:12,23.411
2021-10-06 14:19:12,23.42
2021-10-06 14:34:12,23.427
2021-10-06 14:49:12,23.43
2021-10-06 15:04:12,23.425
2021-10-06 15:19:12,23.419
2021-10-06 15:34:12,23.43
2021-10-06 15:49:12,23.437
2021-10-06 16:04:12,23.437
2021-10-06 16:19:12,23.439
2021-10-06 16:34:11,23.444
2021-10-06 16:34:12,23.444
2021-10-06 16:49:11,23.445
2021-10-06 17:04:11,23.448
2021-10-06 17:19:11,23.446
2021-10-06 17:34:11,23.447
2021-10-06 17:49:11,23.446
2021-10-06 18:04:11,23.45
2021-10-06 18:19:11,23.452
2021-10-06 18:34:11,23.451
2021-10-06 18:49:11,23.457
2021-10-06 19:04:11,23.454
2021-10-06 19:19:11,23.454
2021-10-06 19:34:11,23.455
2021-10-06 19:49:11,23.458
2021-10-06 20:04:11,23.454
2021-10-06 20:19:11,23.458
2021-10-06 20:34:10,23.457
2021-10-06 20:34:11,23.457
2021-10-06 20:49:10,23.464
2021-10-06 21:04:10,23.458
2021-10-06 21:19:10,23.462
2021-10-06 21:34:10,23.458
2021-10-06 21:49:10,23.455
2021-10-06 22:04:10,23.454
2021-10-06 22:19:10,23.459
2021-10-06 22:34:10,23.459
2021-10-06 22:49:10,23.456
2021-10-06 23:04:10,23.456
2021-10-06 23:19:10,23.452
2021-10-06 23:49:10,23.451
2021-10-07 00:04:10,23.452
2021-10-07 00:19:10,23.451
2021-10-07 00:34:09,23.454
2021-10-07 00:34:10,23.454
2021-10-07 00:49:09,23.452
2021-10-07 00:49:10,23.452
2021-10-07 01:04:09,23.451
2021-10-07 01:19:09,23.446
2021-10-07 01:34:09,23.45
2021-10-07 01:49:09,23.447
2021-10-07 02:04:09,23.449
2021-10-07 02:19:09,23.443
2021-10-07 02:34:09,23.446
2021-10-07 02:49:09,23.443
2021-10-07 03:04:09,23.439
2021-10-07 03:19:09,23.437
2021-10-07 03:34:09,23.436
2021-10-07 03:49:09,23.433
2021-10-07 04:04:09,23.436
2021-10-07 04:19:09,23.43
2021-10-07 04:34:08,23.43
2021-10-07 04:34:09,23.43
2021-10-07 04:49:08,23.423
2021-10-07 04:49:09,23.423
2021-10-07 05:04:08,23.419
2021-10-07 05:19:08,23.423
2021-10-07 05:34:08,23.419
2021-10-07 05:49:08,23.413
2021-10-07 06:04:08,23.414
2021-10-07 06:19:08,23.408
2021-10-07 06:34:08,23.406
2021-10-07 06:49:08,23.402
2021-10-07 07:04:08,23.404
2021-10-07 07:19:08,23.396
2021-10-07 07:34:08,23.396
2021-10-07 07:49:08,23.39
2021-10-07 08:04:08,23.386
2021-10-07 08:19:08,23.383
2021-10-07 08:34:08,23.376
2021-10-07 08:49:07,23.37
2021-10-07 08:49:08,23.37
2021-10-07 09:04:07,23.367
2021-10-07 09:04:08,23.367
2021-10-07 09:19:07,23.358
2021-10-07 09:19:08,23.358
2021-10-07 09:34:07,23.344
2021-10-07 09:49:07,23.321
2021-10-07 10:04:07,23.304
2021-10-07 10:19:07,23.302
2021-10-07 10:34:07,23.287
2021-10-07 10:49:07,23.276
2021-10-07 11:04:07,23.262
2021-10-07 11:19:07,23.25
2021-10-07 11:34:07,23.249
2021-10-07 11:49:07,23.244
2021-10-07 12:04:07,23.244
2021-10-07 12:19:07,23.237
2021-10-07 12:34:07,23.238
2021-10-07 12:49:07,23.239
2021-10-07 13:04:07,23.238
2021-10-07 13:19:06,23.236
2021-10-07 13:19:07,23.236
2021-10-07 13:34:06,23.231
2021-10-07 13:34:07,23.231
2021-10-07 13:49:06,23.232
2021-10-07 14:04:06,23.232
2021-10-07 14:19:06,23.231
2021-10-07 14:34:06,23.23
2021-10-07 14:49:06,23.225
2021-10-07 15:04:06,23.225
2021-10-07 15:19:06,23.222
2021-10-07 15:34:06,23.222
2021-10-07 15:49:06,23.219
2021-10-07 16:04:06,23.216
2021-10-07 16:19:06,23.215
2021-10-07 16:34:06,23.22
2021-10-07 16:49:06,23.215
2021-10-07 17:04:06,23.209
2021-10-07 17:19:05,23.212
2021-10-07 17:19:06,23.212
2021-10-07 17:34:05,23.21
2021-10-07 17:34:06,23.21
2021-10-07 17:49:05,23.213
2021-10-07 18:04:05,23.206
2021-10-07 18:19:05,23.206
2021-10-07 18:34:05,23.21
2021-10-07 18:49:05,23.206
2021-10-07 19:04:05,23.205
2021-10-07 19:19:05,23.207
2021-10-07 19:34:05,23.206
2021-10-07 19:49:05,23.2
2021-10-07 20:04:05,23.204
2021-10-07 20:19:05,23.204
2021-10-07 20:34:05,23.196
2021-10-07 20:49:05,23.197
2021-10-07 21:04:05,23.197
2021-10-07 21:19:04,23.196
2021-10-07 21:19:05,23.196
2021-10-07 21:34:04,23.201
2021-10-07 21:34:05,23.201
2021-10-07 21:49:04,23.196
2021-10-07 22:04:04,23.196
2021-10-07 22:19:04,23.193
2021-10-07 22:34:04,23.191
2021-10-07 22:49:04,23.195
2021-10-07 23:04:04,23.196
2021-10-07 23:19:04,23.19
2021-10-07 23:34:04,23.187
2021-10-07 23:49:04,23.187
2021-10-08 00:04:04,23.189
2021-10-08 00:19:04,23.19
2021-10-08 00:34:04,23.187
2021-10-08 00:49:04,23.188
2021-10-08 01:04:04,23.185
2021-10-08 01:19:04,23.187
2021-10-08 01:34:04,23.182
2021-10-08 01:49:03,23.182
2021-10-08 01:49:04,23.182
2021-10-08 02:04:03,23.179
2021-10-08 02:04:04,23.179
2021-10-08 02:19:03,23.184
2021-10-08 02:19:04,23.184
2021-10-08 02:34:03,23.183
2021-10-08 02:49:03,23.185
2021-10-08 03:04:03,23.176
2021-10-08 03:19:03,23.178
2021-10-08 03:34:03,23.178
2021-10-08 03:49:03,23.177
2021-10-08 04:04:03,23.179
2021-10-08 04:19:03,23.172
2021-10-08 04:34:03,23.182
2021-10-08 04:49:03,23.173
2021-10-08 05:04:03,23.178
2021-10-08 05:19:03,23.175
2021-10-08 05:34:03,23.18
2021-10-08 05:49:03,23.176
2021-10-08 06:04:03,23.168
2021-10-08 06:19:03,23.178
2021-10-08 06:34:02,23.175
2021-10-08 06:34:03,23.175
2021-10-08 06:49:02,23.174
2021-10-08 06:49:03,23.174
2021-10-08 07:04:02,23.176
2021-10-08 07:04:03,23.176
2021-10-08 07:19:02,23.178
2021-10-08 07:34:02,23.171
2021-10-08 07:49:02,23.18
2021-10-08 08:04:02,23.163
2021-10-08 08:19:02,23.168
2021-10-08 08:34:02,23.173
2021-10-08 08:49:02,23.166
2021-10-08 09:04:02,23.17
2021-10-08 09:19:02,23.165
2021-10-08 09:34:02,23.169
2021-10-08 09:49:02,23.169
2021-10-08 10:04:02,23.166
2021-10-08 10:19:02,23.17
2021-10-08 10:34:02,23.169
2021-10-08 10:49:02,23.167
2021-10-08 11:04:02,23.174
2021-10-08 11:19:02,23.172
2021-10-08 11:34:01,23.175
2021-10-08 11:34:02,23.175
2021-10-08 11:49:01,23.18
2021-10-08 11:49:02,23.18
2021-10-08 12:04:01,23.187
2021-10-08 12:19:01,23.179
2021-10-08 12:34:01,23.187
2021-10-08 12:49:01,23.184
2021-10-08 13:04:01,23.18
2021-10-08 13:19:01,23.183
2021-10-08 13:34:01,23.183
2021-10-08 13:49:01,23.186
2021-10-08 14:04:01,23.187
2021-10-08 14:19:01,23.182
2021-10-08 14:34:01,23.184
2021-10-08 14:49:01,23.189
2021-10-08 15:04:01,23.19
2021-10-08 15:19:01,23.193
2021-10-08 15:34:00,23.188
2021-10-08 15:34:01,23.188
2021-10-08 15:49:00,23.198
2021-10-08 15:49:01,23.198
2021-10-08 16:04:00,23.187
2021-10-08 16:04:01,23.187
2021-10-08 16:19:00,23.194
2021-10-08 16:34:00,23.189
2021-10-08 16:49:00,23.193
2021-10-08 17:04:00,23.195
2021-10-08 17:04:01,23.195
2021-10-08 17:19:00,23.186
2021-10-08 17:34:00,23.187
2021-10-08 17:49:00,23.184
2021-10-08 18:04:00,23.182
2021-10-08 18:19:00,23.18
2021-10-08 18:34:00,23.182
2021-10-08 18:49:00,23.18
2021-10-08 19:04:00,23.181
2021-10-08 19:19:00,23.179
2021-10-08 19:34:00,23.176
2021-10-08 19:49:00,23.178
2021-10-08 20:03:59,23.169
2021-10-08 20:04:00,23.169
2021-10-08 20:18:59,23.174
2021-10-08 20:33:59,23.171
2021-10-08 20:48:59,23.176
2021-10-08 21:03:59,23.173
2021-10-08 21:18:59,23.17
2021-10-08 21:33:59,23.17
2021-10-08 21:48:59,23.174
2021-10-08 22:03:59,23.168
2021-10-08 22:18:59,23.157
2021-10-08 22:33:59,23.168
2021-10-08 22:48:59,23.173
2021-10-08 23:03:59,23.167
2021-10-08 23:18:59,23.168
2021-10-08 23:33:59,23.16
2021-10-08 23:48:59,23.168
2021-10-09 00:03:58,23.157
2021-10-09 00:03:59,23.157
2021-10-09 00:18:58,23.159
2021-10-09 00:18:59,23.159
2021-10-09 00:33:58,23.159
2021-10-09 00:33:59,23.159
2021-10-09 00:48:58,23.158
2021-10-09 01:03:58,23.158
2021-10-09 01:18:58,23.155
2021-10-09 01:33:58,23.163
2021-10-09 01:48:58,23.155
2021-10-09 02:03:58,23.166
2021-10-09 02:18:58,23.154
2021-10-09 02:33:58,23.163
2021-10-09 02:48:58,23.154
2021-10-09 03:03:58,23.16
2021-10-09 03:18:58,23.16
2021-10-09 03:33:58,23.164
2021-10-09 03:48:58,23.161
2021-10-09 04:03:58,23.156
2021-10-09 04:18:58,23.155
2021-10-09 04:33:57,23.152
2021-10-09 04:33:58,23.152
2021-10-09 04:48:57,23.153
2021-10-09 04:48:58,23.153
2021-10-09 05:03:57,23.158
2021-10-09 05:03:58,23.158
2021-10-09 05:18:57,23.16
2021-10-09 05:18:58,23.16
2021-10-09 05:33:57,23.152
2021-10-09 05:48:57,23.164
2021-10-09 06:03:57,23.151
2021-10-09 06:18:57,23.151
2021-10-09 06:33:57,23.156
2021-10-09 06:48:57,23.153
2021-10-09 07:03:57,23.155
2021-10-09 07:18:57,23.152
2021-10-09 07:33:57,23.156
2021-10-09 07:48:57,23.153
2021-10-09 08:03:57,23.144
2021-10-09 08:18:57,23.15
2021-10-09 08:33:57,23.153
2021-10-09 08:48:57,23.15
2021-10-09 09:03:57,23.153
2021-10-09 09:18:57,23.147
2021-10-09 09:48:56,23.156
2021-10-09 10:03:56,23.154
2021-10-09 10:18:56,23.154
2021-10-09 10:33:56,23.15
2021-10-09 10:48:56,23.152
2021-10-09 11:03:56,23.148
2021-10-09 11:18:56,23.147
2021-10-09 11:33:56,23.158
2021-10-09 11:48:56,23.154
2021-10-09 12:03:56,23.151
2021-10-09 12:18:56,23.159
2021-10-09 12:33:56,23.146
2021-10-09 12:48:56,23.16
2021-10-09 13:03:56,23.15
2021-10-09 13:18:56,23.15
2021-10-09 13:33:56,23.147
2021-10-09 13:48:55,23.15
2021-10-09 14:03:55,23.149
2021-10-09 14:18:55,23.151
2021-10-09 14:33:55,23.148
2021-10-09 14:48:55,23.156
2021-10-09 15:03:55,23.149
2021-10-09 15:18:55,23.155
2021-10-09 15:33:55,23.151
2021-10-09 15:48:55,23.142
2021-10-09 16:03:55,23.147
2021-10-09 16:18:55,23.146
2021-10-09 16:33:55,23.152
2021-10-09 16:48:55,23.148
2021-10-09 17:03:55,23.15
2021-10-09 17:18:55,23.143
2021-10-09 17:33:54,23.147
2021-10-09 17:33:55,23.147
2021-10-09 17:48:54,23.155
2021-10-09 17:48:55,23.155
2021-10-09 18:03:54,23.147
2021-10-09 18:03:55,23.147
2021-10-09 18:18:54,23.148
2021-10-09 18:18:55,23.148
2021-10-09 18:33:54,23.145
2021-10-09 18:33:55,23.145
2021-10-09 18:48:54,23.144
2021-10-09 19:03:54,23.146
2021-10-09 19:18:54,23.146
2021-10-09 19:33:54,23.151
2021-10-09 19:48:54,23.144
2021-10-09 20:03:54,23.137
2021-10-09 20:18:54,23.15
2021-10-09 20:33:54,23.142
2021-10-09 20:48:54,23.145
2021-10-09 21:03:54,23.15
2021-10-09 21:18:54,23.141
2021-10-09 21:33:54,23.146
2021-10-09 21:48:53,23.146
2021-10-09 21:48:54,23.146
2021-10-09 22:03:53,23.152
2021-10-09 22:03:54,23.152
2021-10-09 22:18:53,23.142
2021-10-09 22:18:54,23.142
2021-10-09 22:33:53,23.153
2021-10-09 22:48:53,23.148
2021-10-09 23:03:53,23.14
2021-10-09 23:18:53,23.145
2021-10-09 23:33:53,23.143
2021-10-09 23:48:53,23.139
2021-10-10 00:03:53,23.141
2021-10-10 00:18:53,23.139
2021-10-10 00:33:53,23.144
2021-10-10 00:48:53,23.142
2021-10-10 01:03:53,23.147
2021-10-10 01:18:53,23.154
2021-10-10 01:33:53,23.145
2021-10-10 01:48:53,23.141
2021-10-10 02:03:52,23.136
2021-10-10 02:03:53,23.136
2021-10-10 02:18:52,23.139
2021-10-10 02:18:53,23.139
2021-10-10 02:33:52,23.148
2021-10-10 02:33:53,23.148
2021-10-10 02:48:52,23.138
2021-10-10 03:03:52,23.147
2021-10-10 03:18:52,23.146
2021-10-10 03:33:52,23.142
2021-10-10 03:48:52,23.141
2021-10-10 04:03:52,23.139
2021-10-10 04:18:52,23.139
2021-10-10 04:33:52,23.138
2021-10-10 04:48:52,23.142
2021-10-10 05:03:52,23.143
2021-10-10 05:18:52,23.14
2021-10-10 05:33:52,23.148
2021-10-10 05:48:52,23.147
2021-10-10 06:03:52,23.151
2021-10-10 06:18:51,23.139
2021-10-10 06:18:52,23.139
2021-10-10 06:33:51,23.145
2021-10-10 06:33:52,23.145
2021-10-10 06:48:51,23.144
2021-10-10 07:03:51,23.137
2021-10-10 07:18:51,23.146
2021-10-10 07:33:51,23.133
2021-10-10 07:33:52,23.133
2021-10-10 07:48:51,23.143
2021-10-10 08:03:51,23.146
2021-10-10 08:18:51,23.144
2021-10-10 08:33:51,23.14
2021-10-10 08:48:51,23.136
2021-10-10 09:03:51,23.138
2021-10-10 09:18:51,23.147
2021-10-10 09:33:51,23.145
2021-10-10 09:48:51,23.139
2021-10-10 10:03:51,23.139
2021-10-10 10:18:51,23.133
2021-10-10 10:33:50,23.135
2021-10-10 10:33:51,23.135
2021-10-10 10:48:50,23.139
2021-10-10 10:48:51,23.139
2021-10-10 11:03:50,23.136
2021-10-10 11:18:50,23.141
2021-10-10 11:33:50,23.139
2021-10-10 11:48:50,23.139
2021-10-10 12:03:50,23.134
2021-10-10 12:18:50,23.136
2021-10-10 12:33:50,23.14
2021-10-10 12:48:50,23.137
2021-10-10 13:03:50,23.143
2021-10-10 13:18:50,23.143
2021-10-10 13:33:50,23.135
2021-10-10 13:48:50,23.134
2021-10-10 14:03:50,23.136
2021-10-10 14:18:50,23.142
2021-10-10 14:33:49,23.136
2021-10-10 14:33:50,23.136
2021-10-10 14:48:49,23.135
2021-10-10 14:48:50,23.135
2021-10-10 15:03:49,23.138
2021-10-10 15:03:50,23.138
2021-10-10 15:18:49,23.137
2021-10-10 15:33:49,23.144
2021-10-10 15:48:49,23.141
2021-10-10 16:03:49,23.132
2021-10-10 16:18:49,23.137
2021-10-10 16:33:49,23.142
2021-10-10 16:48:49,23.138
2021-10-10 17:03:49,23.143
2021-10-10 17:18:49,23.135
2021-10-10 17:33:49,23.142
2021-10-10 17:48:49,23.136
2021-10-10 18:03:49,23.134
2021-10-10 18:18:49,23.134
2021-10-10 18:33:49,23.142
2021-10-10 18:48:49,23.134
2021-10-10 19:03:48,23.139
2021-10-10 19:03:49,23.139
2021-10-10 19:18:48,23.136
2021-10-10 19:18:49,23.136
2021-10-10 19:33:48,23.141
2021-10-10 19:48:48,23.134
2021-10-10 20:03:48,23.136
2021-10-10 20:18:48,23.135
2021-10-10 20:33:48,23.134
2021-10-10 20:48:48,23.136
2021-10-10 21:03:48,23.135
2021-10-10 21:18:48,23.132
2021-10-10 21:33:48,23.14
2021-10-10 21:48:48,23.132
2021-10-10 22:03:48,23.135
2021-10-10 22:18:48,23.132
2021-10-10 22:33:48,23.135
2021-10-10 22:48:48,23.133
2021-10-10 23:03:47,23.134
2021-10-10 23:03:48,23.134
2021-10-10 23:18:47,23.135
2021-10-10 23:18:48,23.135
2021-10-10 23:33:47,23.134
2021-10-10 23:33:48,23.134
2021-10-10 23:48:47,23.129
2021-10-11 00:03:47,23.138
2021-10-11 00:18:47,23.137
2021-10-11 00:33:47,23.138
2021-10-11 00:48:47,23.137
2021-10-11 00:48:48,23.137
2021-10-11 01:03:47,23.134
2021-10-11 01:18:47,23.134
2021-10-11 01:33:47,23.126
2021-10-11 01:48:47,23.131
2021-10-11 02:03:47,23.13
2021-10-11 02:18:47,23.134
2021-10-11 02:33:47,23.133
2021-10-11 02:48:47,23.131
2021-10-11 03:03:47,23.139
2021-10-11 03:18:47,23.137
2021-10-11 03:33:46,23.129
2021-10-11 03:33:47,23.129
2021-10-11 03:48:46,23.132
2021-10-11 03:48:47,23.132
2021-10-11 04:03:46,23.129
2021-10-11 04:18:46,23.137
2021-10-11 04:33:46,23.135
2021-10-11 04:48:46,23.134
2021-10-11 05:03:46,23.132
2021-10-11 05:18:46,23.142
2021-10-11 05:33:46,23.132
2021-10-11 05:48:46,23.136
2021-10-11 06:03:46,23.135
2021-10-11 06:18:46,23.135
2021-10-11 06:33:46,23.133
2021-10-11 06:48:46,23.136
2021-10-11 07:03:46,23.13
2021-10-11 07:18:46,23.129
2021-10-11 07:33:45,23.13
2021-10-11 07:33:46,23.13
2021-10-11 07:48:45,23.135
2021-10-11 07:48:46,23.135
2021-10-11 08:03:45,23.135
2021-10-11 08:03:46,23.135
2021-10-11 08:18:45,23.131
2021-10-11 08:33:45,23.137
2021-10-11 08:48:45,23.131
2021-10-11 09:03:45,23.132
2021-10-11 09:18:45,23.143
2021-10-11 09:33:45,23.13
2021-10-11 09:48:45,23.132
2021-10-11 10:03:45,23.137
2021-10-11 10:18:45,23.131
2021-10-11 10:33:45,23.13
2021-10-11 10:48:45,23.125
2021-10-11 11:03:45,23.125
2021-10-11 11:18:45,23.129
2021-10-11 11:33:45,23.131
2021-10-11 11:48:45,23.13
2021-10-11 12:03:44,23.127
2021-10-11 12:03:45,23.127
2021-10-11 12:18:44,23.13
2021-10-11 12:18:45,23.13
2021-10-11 12:33:44,23.133
2021-10-11 12:33:45,23.133
2021-10-11 12:48:44,23.13
2021-10-11 13:03:44,23.131
2021-10-11 13:18:44,23.128
2021-10-11 13:33:44,23.131
2021-10-11 13:48:44,23.13
2021-10-11 14:03:44,23.135
2021-10-11 14:18:44,23.137
2021-10-11 14:33:44,23.128
2021-10-11 14:48:44,23.13
2021-10-11 15:03:44,23.13
2021-10-11 15:18:44,23.128
2021-10-11 15:33:44,23.128
2021-10-11 15:48:44,23.128
2021-10-11 16:03:44,23.126
2021-10-11 16:18:43,23.133
2021-10-11 16:18:44,23.133
2021-10-11 16:33:43,23.128
2021-10-11 16:33:44,23.128
2021-10-11 16:48:43,23.128
2021-10-11 16:48:44,23.128
2021-10-11 17:03:43,23.129
2021-10-11 17:18:43,23.126
2021-10-11 17:33:43,23.127
2021-10-11 17:48:43,23.133
2021-10-11 18:03:43,23.129
2021-10-11 18:18:43,23.126
2021-10-11 18:33:43,23.127
2021-10-11 18:48:43,23.124
2021-10-11 19:03:43,23.126
2021-10-11 19:18:43,23.134
2021-10-11 19:33:43,23.124
2021-10-11 19:48:43,23.127
2021-10-11 20:03:43,23.129
2021-10-11 20:18:43,23.129
2021-10-11 20:33:42,23.128
2021-10-11 20:33:43,23.128
2021-10-11 20:48:42,23.127
2021-10-11 20:48:43,23.127
2021-10-11 21:03:42,23.128
2021-10-11 21:03:43,23.128
2021-10-11 21:18:42,23.123
2021-10-11 21:33:42,23.125
2021-10-11 21:48:42,23.125
2021-10-11 22:03:42,23.123
2021-10-11 22:18:42,23.127
2021-10-11 22:33:42,23.128
2021-10-11 22:48:42,23.13
2021-10-11 23:03:42,23.126
2021-10-11 23:18:42,23.125
2021-10-11 23:33:42,23.128
2021-10-11 23:48:42,23.127
2021-10-12 00:03:42,23.125
2021-10-12 00:18:42,23.122
2021-10-12 00:33:42,23.124
2021-10-12 00:48:42,23.128
2021-10-12 01:03:41,23.126
2021-10-12 01:03:42,23.126
2021-10-12 01:18:41,23.121
2021-10-12 01:18:42,23.121
2021-10-12 01:33:41,23.128
2021-10-12 01:48:41,23.126
2021-10-12 02:03:41,23.123
2021-10-12 02:18:41,23.128
2021-10-12 02:33:41,23.125
2021-10-12 02:48:41,23.124
2021-10-12 03:03:41,23.125
2021-10-12 03:18:41,23.125
2021-10-12 03:33:41,23.126
2021-10-12 03:48:41,23.127
2021-10-12 04:03:41,23.124
2021-10-12 04:18:41,23.124
2021-10-12 04:18:42,23.124
2021-10-12 04:33:41,23.125
2021-10-12 04:48:41,23.122
2021-10-12 05:03:41,23.126
2021-10-12 05:18:41,23.125
2021-10-12 05:33:40,23.126
2021-10-12 05:48:40,23.125
2021-10-12 06:03:40,23.125
2021-10-12 06:18:40,23.123
2021-10-12 06:33:40,23.123
2021-10-12 06:48:40,23.126
2021-10-12 07:03:40,23.123
2021-10-12 07:18:40,23.127
2021-10-12 07:33:40,23.125
2021-10-12 07:48:40,23.127
2021-10-12 08:03:40,23.126
2021-10-12 08:18:40,23.123
2021-10-12 08:33:40,23.125
2021-10-12 08:48:40,23.124
2021-10-12 09:03:40,23.124
2021-10-12 09:18:40,23.123
2021-10-12 09:33:40,23.125
2021-10-12 09:48:40,23.127
2021-10-12 10:03:40,23.123
2021-10-12 10:18:39,23.125
2021-10-12 10:18:40,23.125
2021-10-12 10:33:39,23.133
2021-10-12 10:33:40,23.133
2021-10-12 10:48:39,23.122
2021-10-12 10:48:40,23.122
2021-10-12 11:03:39,23.122
2021-10-12 11:18:39,23.123
2021-10-12 11:33:39,23.118
2021-10-12 11:48:39,23.12
2021-10-12 12:03:39,23.122
2021-10-12 12:18:39,23.123
2021-10-12 12:33:39,23.123
2021-10-12 12:48:39,23.124
2021-10-12 13:03:39,23.122
2021-10-12 13:18:39,23.12
2021-10-12 13:33:39,23.125
2021-10-12 13:48:39,23.121
2021-10-12 14:03:39,23.123
2021-10-12 14:18:39,23.123
2021-10-12 14:33:38,23.125
2021-10-12 14:33:39,23.125
2021-10-12 14:48:38,23.128
2021-10-12 14:48:39,23.128
2021-10-12 15:03:38,23.124
2021-10-12 15:03:39,23.124
2021-10-12 15:18:38,23.121
2021-10-12 15:33:38,23.117
2021-10-12 15:48:38,23.12
2021-10-12 16:03:38,23.123
2021-10-12 16:18:38,23.121
2021-10-12 16:33:38,23.115
2021-10-12 16:48:38,23.117
2021-10-12 17:03:38,23.121
2021-10-12 17:18:38,23.123
2021-10-12 17:33:38,23.119
2021-10-12 17:48:38,23.119
2021-10-12 18:03:38,23.124
2021-10-12 18:18:38,23.121
2021-10-12 18:33:38,23.115
2021-10-12 18:48:37,23.121
2021-10-12 18:48:38,23.121
2021-10-12 19:03:37,23.117
2021-10-12 19:03:38,23.117
2021-10-12 19:18:37,23.123
2021-10-12 19:18:38,23.123
2021-10-12 19:33:37,23.12
2021-10-12 19:48:37,23.115
2021-10-12 20:03:37,23.12
2021-10-12 20:18:37,23.119
2021-10-12 20:33:37,23.123
2021-10-12 20:48:37,23.119
2021-10-12 21:03:37,23.12
2021-10-12 21:18:37,23.121
2021-10-12 21:33:37,23.118
2021-10-12 21:48:37,23.116
2021-10-12 22:03:37,23.117
2021-10-12 22:18:37,23.119
2021-10-12 22:33:37,23.12
2021-10-12 22:48:37,23.12
2021-10-12 23:03:37,23.121
2021-10-12 23:18:37,23.12
2021-10-12 23:33:36,23.119
2021-10-12 23:33:37,23.119
2021-10-12 23:48:36,23.118
2021-10-12 23:48:37,23.118
2021-10-13 00:03:36,23.118
2021-10-13 00:03:37,23.118
2021-10-13 00:18:36,23.116
2021-10-13 00:33:36,23.121
2021-10-13 00:48:36,23.12
2021-10-13 01:03:36,23.119
2021-10-13 01:18:36,23.119
2021-10-13 01:33:36,23.114
2021-10-13 01:48:36,23.119
2021-10-13 02:03:36,23.116
2021-10-13 02:18:36,23.117
2021-10-13 02:33:36,23.118
2021-10-13 02:48:36,23.119
2021-10-13 03:03:36,23.12
2021-10-13 03:18:36,23.111
2021-10-13 03:33:36,23.116
2021-10-13 03:48:36,23.12
2021-10-13 04:03:36,23.117
2021-10-13 04:18:36,23.122
2021-10-13 04:33:35,23.12
2021-10-13 04:33:36,23.12
2021-10-13 04:48:35,23.115
2021-10-13 04:48:36,23.115
2021-10-13 05:03:35,23.115
2021-10-13 05:03:36,23.115
2021-10-13 05:18:35,23.119
2021-10-13 05:33:35,23.119
2021-10-13 05:48:35,23.118
2021-10-13 06:03:35,23.115
2021-10-13 06:18:35,23.121
2021-10-13 06:33:35,23.115
2021-10-13 06:48:35,23.114
2021-10-13 07:03:35,23.121
2021-10-13 07:18:35,23.117
2021-10-13 07:33:35,23.114
2021-10-13 07:48:35,23.115
2021-10-13 08:03:35,23.113
2021-10-13 08:18:35,23.116
2021-10-13 08:33:35,23.112
2021-10-13 08:48:35,23.111
2021-10-13 09:03:35,23.113
2021-10-13 09:18:35,23.114
2021-10-13 09:33:35,23.117
2021-10-13 09:48:34,23.118
2021-10-13 09:48:35,23.118
2021-10-13 10:03:34,23.115
2021-10-13 10:03:35,23.115
2021-10-13 10:18:34,23.117
2021-10-13 10:18:35,23.117
2021-10-13 10:33:34,23.118
2021-10-13 10:33:35,23.118
2021-10-13 10:48:34,23.118
2021-10-13 11:03:34,23.117
2021-10-13 11:18:34,23.117
2021-10-13 11:33:34,23.115
2021-10-13 11:48:34,23.117
2021-10-13 12:03:34,23.116
2021-10-13 12:18:34,23.12
2021-10-13 12:33:34,23.118
2021-10-13 12:48:34,23.118
2021-10-13 13:03:34,23.116
2021-10-13 13:18:34,23.118
2021-10-13 13:33:34,23.118
2021-10-13 13:48:34,23.118
2021-10-13 14:03:34,23.118
2021-10-13 14:18:33,23.119
2021-10-13 14:18:34,23.119
2021-10-13 14:33:33,23.118
2021-10-13 14:33:34,23.118
2021-10-13 14:48:33,23.123
2021-10-13 14:48:34,23.123
2021-10-13 15:03:33,23.114
2021-10-13 15:18:33,23.113
2021-10-13 15:33:33,23.118
2021-10-13 15:48:33,23.115
2021-10-13 16:03:33,23.111
2021-10-13 16:18:33,23.121
2021-10-13 16:33:33,23.116
2021-10-13 16:48:33,23.117
2021-10-13 17:03:33,23.116
2021-10-13 17:18:33,23.116
2021-10-13 17:33:33,23.116
2021-10-13 17:48:33,23.116
2021-10-13 18:03:33,23.115
2021-10-13 18:18:33,23.117
2021-10-13 18:33:33,23.116
2021-10-13 18:48:33,23.113
2021-10-13 19:03:32,23.114
2021-10-13 19:03:33,23.114
2021-10-13 19:18:32,23.114
2021-10-13 19:18:33,23.114
2021-10-13 19:33:32,23.117
2021-10-13 19:33:33,23.117
2021-10-13 19:48:32,23.112
2021-10-13 20:03:32,23.116
2021-10-13 20:18:32,23.114
2021-10-13 20:33:32,23.115
2021-10-13 20:48:32,23.116
2021-10-13 21:03:32,23.114
2021-10-13 21:18:32,23.114
2021-10-13 21:33:32,23.114
2021-10-13 21:48:32,23.111
2021-10-13 22:03:32,23.114
2021-10-13 22:18:32,23.116
2021-10-13 22:33:32,23.113
2021-10-13 22:48:32,23.114
2021-10-13 23:03:32,23.112
2021-10-13 23:18:32,23.116
2021-10-13 23:33:32,23.115
2021-10-13 23:48:32,23.114
2021-10-14 00:03:32,23.112
2021-10-14 00:18:31,23.111
2021-10-14 00:18:32,23.111
2021-10-14 00:33:31,23.117
2021-10-14 00:33:32,23.117
2021-10-14 00:48:31,23.113
2021-10-14 00:48:32,23.113
2021-10-14 01:03:31,23.112
2021-10-14 01:18:31,23.115
2021-10-14 01:33:31,23.119
2021-10-14 01:48:31,23.116
2021-10-14 02:03:31,23.118
2021-10-14 02:18:31,23.113
2021-10-14 02:33:31,23.114
2021-10-14 02:48:31,23.115
2021-10-14 03:03:31,23.115
2021-10-14 03:18:31,23.116
2021-10-14 03:33:31,23.114
2021-10-14 03:48:31,23.116
2021-10-14 04:03:31,23.112
2021-10-14 04:18:31,23.119
2021-10-14 04:33:31,23.114
2021-10-14 04:48:31,23.114
2021-10-14 05:03:31,23.113
2021-10-14 05:18:31,23.116
2021-10-14 05:33:30,23.116
2021-10-14 05:33:31,23.116
2021-10-14 05:48:30,23.117
2021-10-14 06:03:30,23.118
2021-10-14 06:18:30,23.111
2021-10-14 06:33:30,23.117
2021-10-14 06:48:30,23.113
2021-10-14 07:03:30,23.117
2021-10-14 07:18:30,23.116
2021-10-14 07:33:30,23.116
2021-10-14 07:48:30,23.113
2021-10-14 08:03:30,23.115
2021-10-14 08:18:30,23.122
2021-10-14 08:33:30,23.118
2021-10-14 08:48:30,23.115
2021-10-14 09:03:30,23.118
2021-10-14 09:18:30,23.126
2021-10-14 09:33:30,23.124
2021-10-14 09:48:30,23.123
2021-10-14 10:03:30,23.127
2021-10-14 10:18:30,23.128
2021-10-14 10:18:31,23.128
2021-10-14 10:33:29,23.13
2021-10-14 10:33:30,23.13
2021-10-14 10:48:29,23.131
2021-10-14 10:48:30,23.131
2021-10-14 11:03:29,23.139
2021-10-14 11:03:30,23.139
2021-10-14 11:18:29,23.148
2021-10-14 11:33:29,23.151
2021-10-14 11:48:29,23.154
2021-10-14 12:03:29,23.148
2021-10-14 12:18:29,23.144
2021-10-14 12:33:29,23.149
2021-10-14 12:48:29,23.147
2021-10-14 13:03:29,23.154
2021-10-14 13:18:29,23.16
2021-10-14 13:33:29,23.156
2021-10-14 13:48:29,23.16
2021-10-14 14:03:29,23.154
2021-10-14 14:18:29,23.148
2021-10-14 14:33:29,23.157
2021-10-14 14:48:29,23.151
2021-10-14 15:03:29,23.157
2021-10-14 15:18:29,23.164
2021-10-14 15:33:29,23.154
2021-10-14 15:48:28,23.16
2021-10-14 16:03:28,23.161
2021-10-14 16:18:28,23.15
2021-10-14 16:33:28,23.164
2021-10-14 16:48:28,23.159
2021-10-14 17:03:28,23.147
2021-10-14 17:18:28,23.152
2021-10-14 17:33:28,23.148
2021-10-14 17:48:28,23.151
2021-10-14 18:03:28,23.146
2021-10-14 18:18:28,23.147
2021-10-14 18:33:28,23.143
2021-10-14 18:48:28,23.154
2021-10-14 19:03:28,23.152
2021-10-14 19:18:27,23.145
2021-10-14 19:18:28,23.145
2021-10-14 19:33:27,23.142
2021-10-14 19:33:28,23.142
2021-10-14 19:48:27,23.148
2021-10-14 19:48:28,23.148
2021-10-14 20:03:27,23.144
2021-10-14 20:18:27,23.138
2021-10-14 20:33:27,23.138
2021-10-14 20:48:27,23.148
2021-10-14 21:03:27,23.138
2021-10-14 21:18:27,23.139
2021-10-14 21:33:27,23.132
2021-10-14 21:48:27,23.137
2021-10-14 22:03:27,23.137
2021-10-14 22:18:27,23.136
2021-10-14 22:33:27,23.13
2021-10-14 22:48:27,23.13
2021-10-14 23:03:27,23.135
2021-10-14 23:18:27,23.129
2021-10-14 23:33:27,23.126
2021-10-14 23:48:27,23.128
2021-10-15 00:03:26,23.137
2021-10-15 00:03:27,23.137
2021-10-15 00:18:26,23.131
2021-10-15 00:18:27,23.131
2021-10-15 00:33:26,23.127
2021-10-15 00:48:26,23.129
2021-10-15 01:03:26,23.131
2021-10-15 01:18:26,23.127
2021-10-15 01:33:26,23.127
2021-10-15 01:48:26,23.126
2021-10-15 02:03:26,23.126
2021-10-15 02:18:26,23.12
2021-10-15 02:33:26,23.124
2021-10-15 02:48:26,23.122
2021-10-15 03:03:26,23.121
2021-10-15 03:18:26,23.123
2021-10-15 03:33:26,23.123
2021-10-15 03:48:26,23.129
2021-10-15 04:03:25,23.126
2021-10-15 04:03:26,23.126
2021-10-15 04:18:25,23.119
2021-10-15 04:18:26,23.119
2021-10-15 04:33:25,23.124
2021-10-15 04:33:26,23.124
2021-10-15 04:48:25,23.126
2021-10-15 05:03:25,23.122
2021-10-15 05:18:25,23.12
2021-10-15 05:33:25,23.12
2021-10-15 05:48:25,23.123
2021-10-15 06:03:25,23.123
2021-10-15 06:18:25,23.119
2021-10-15 06:33:25,23.121
2021-10-15 06:48:25,23.119
2021-10-15 07:03:25,23.122
2021-10-15 07:18:25,23.125
2021-10-15 07:33:25,23.119
2021-10-15 07:48:25,23.118
2021-10-15 08:03:25,23.119
2021-10-15 08:18:24,23.121
2021-10-15 08:18:25,23.121
2021-10-15 08:33:24,23.119
2021-10-15 08:33:25,23.119
2021-10-15 08:48:24,23.123
2021-10-15 08:48:25,23.123
2021-10-15 09:03:24,23.122
2021-10-15 09:18:24,23.118
2021-10-15 09:33:24,23.119
2021-10-15 09:48:24,23.115
2021-10-15 10:03:24,23.116
2021-10-15 10:18:24,23.119
2021-10-15 10:33:24,23.121
2021-10-15 10:48:24,23.118
2021-10-15 11:03:24,23.123
2021-10-15 11:18:24,23.122
2021-10-15 11:33:24,23.132
2021-10-15 11:48:24,23.137
2021-10-15 12:03:24,23.15
2021-10-15 12:18:24,23.162
2021-10-15 12:33:23,23.159
2021-10-15 12:33:24,23.159
2021-10-15 12:48:23,23.171
2021-10-15 12:48:24,23.171
2021-10-15 13:03:23,23.17
2021-10-15 13:03:24,23.17
2021-10-15 13:18:23,23.182
2021-10-15 13:33:23,23.225
2021-10-15 13:48:23,23.247
2021-10-15 14:03:23,23.266
2021-10-15 14:18:23,23.277
2021-10-15 14:33:23,23.295
2021-10-15 14:48:23,23.307
2021-10-15 15:03:23,23.323
2021-10-15 15:18:23,23.342
2021-10-15 15:33:23,23.364
2021-10-15 15:48:23,23.375
2021-10-15 16:03:23,23.369
2021-10-15 16:18:23,23.359
2021-10-15 16:33:23,23.364
2021-10-15 16:48:23,23.37
2021-10-15 17:03:23,23.368
2021-10-15 17:18:23,23.374
2021-10-15 17:33:22,23.378
2021-10-15 17:33:23,23.378
2021-10-15 17:48:22,23.375
2021-10-15 18:03:22,23.372
2021-10-15 18:18:22,23.376
2021-10-15 18:33:22,23.378
2021-10-15 18:48:22,23.39
2021-10-15 19:03:22,23.383
2021-10-15 19:18:22,23.376
2021-10-15 19:33:22,23.365
2021-10-15 19:48:22,23.368
2021-10-15 20:03:22,23.379
2021-10-15 20:18:22,23.369
2021-10-15 20:33:22,23.386
2021-10-15 20:48:22,23.388
2021-10-15 21:03:22,23.39
2021-10-15 21:18:22,23.385
2021-10-15 21:33:22,23.377
2021-10-15 22:03:22,23.38
2021-10-15 22:18:22,23.37
2021-10-15 22:33:21,23.372
2021-10-15 22:33:22,23.372
2021-10-15 22:48:21,23.369
2021-10-15 22:48:22,23.369
2021-10-15 23:03:21,23.366
2021-10-15 23:18:21,23.349
2021-10-15 23:33:21,23.35
2021-10-15 23:48:21,23.329
2021-10-16 00:03:21,23.326
2021-10-16 00:18:21,23.33
2021-10-16 00:33:21,23.323
2021-10-16 00:48:21,23.315
2021-10-16 01:03:21,23.323
2021-10-16 01:18:21,23.317
2021-10-16 01:33:21,23.317
2021-10-16 01:48:21,23.312
2021-10-16 02:03:21,23.305
2021-10-16 02:18:21,23.305
2021-10-16 02:33:21,23.303
2021-10-16 02:48:21,23.298
2021-10-16 03:03:21,23.294
2021-10-16 03:18:20,23.293
2021-10-16 03:18:21,23.293
2021-10-16 03:33:20,23.293
2021-10-16 03:33:21,23.293
2021-10-16 03:48:20,23.293
2021-10-16 04:03:20,23.298
2021-10-16 04:18:20,23.291
2021-10-16 04:33:20,23.277
2021-10-16 04:48:20,23.275
2021-10-16 05:03:20,23.27
2021-10-16 05:18:20,23.268
2021-10-16 05:33:20,23.263
2021-10-16 05:48:20,23.255
2021-10-16 06:03:20,23.255
2021-10-16 06:18:20,23.253
2021-10-16 06:33:20,23.251
2021-10-16 06:48:20,23.247
2021-10-16 07:03:20,23.241
2021-10-16 07:18:20,23.241
2021-10-16 07:33:20,23.233
2021-10-16 07:48:20,23.231
2021-10-16 08:03:20,23.226
2021-10-16 08:18:19,23.228
2021-10-16 08:18:20,23.228
2021-10-16 08:33:19,23.221
2021-10-16 08:33:20,23.221
2021-10-16 08:48:19,23.222
2021-10-16 08:48:20,23.222
2021-10-16 09:03:19,23.216
2021-10-16 09:18:19,23.215
2021-10-16 09:33:19,23.214
2021-10-16 09:48:19,23.211
2021-10-16 10:03:19,23.207
2021-10-16 10:18:19,23.21
2021-10-16 10:33:19,23.204
2021-10-16 10:48:19,23.207
2021-10-16 11:03:19,23.201
2021-10-16 11:18:19,23.201
2021-10-16 11:33:19,23.196
2021-10-16 11:48:19,23.199
2021-10-16 12:03:19,23.196
2021-10-16 12:18:19,23.196
2021-10-16 12:33:19,23.196
2021-10-16 12:48:19,23.198
2021-10-16 13:03:19,23.197
2021-10-16 13:18:19,23.196
2021-10-16 13:33:18,23.196
2021-10-16 13:33:19,23.196
2021-10-16 13:48:18,23.194
2021-10-16 13:48:19,23.194
2021-10-16 14:03:18,23.193
2021-10-16 14:18:18,23.192
2021-10-16 14:33:18,23.197
2021-10-16 14:48:18,23.194
2021-10-16 15:03:18,23.196
2021-10-16 15:18:18,23.193
2021-10-16 15:33:18,23.196
2021-10-16 15:48:18,23.197
2021-10-16 16:03:18,23.193
2021-10-16 16:18:18,23.195
2021-10-16 16:33:18,23.196
2021-10-16 16:48:18,23.192
2021-10-16 17:03:18,23.193
2021-10-16 17:18:18,23.189
2021-10-16 17:33:18,23.189
2021-10-16 17:48:18,23.189
2021-10-16 18:03:17,23.184
2021-10-16 18:03:18,23.184
2021-10-16 18:18:17,23.185
2021-10-16 18:18:18,23.185
2021-10-16 18:33:17,23.184
2021-10-16 18:33:18,23.184
2021-10-16 18:48:17,23.181
2021-10-16 19:03:17,23.185
2021-10-16 19:18:17,23.178
2021-10-16 19:33:17,23.181
2021-10-16 19:48:17,23.182
2021-10-16 20:03:17,23.171
2021-10-16 20:18:17,23.166
2021-10-16 20:33:17,23.173
2021-10-16 20:48:17,23.171
2021-10-16 21:03:17,23.173
2021-10-16 21:18:17,23.169
2021-10-16 21:33:17,23.172
2021-10-16 21:48:17,23.174
2021-10-16 22:03:17,23.167
2021-10-16 22:18:17,23.17
2021-10-16 22:33:17,23.155
2021-10-16 22:48:16,23.155
2021-10-16 22:48:17,23.155
2021-10-16 23:03:16,23.159
2021-10-16 23:03:17,23.159
2021-10-16 23:18:16,23.17
2021-10-16 23:18:17,23.17
2021-10-16 23:33:16,23.165
2021-10-16 23:48:16,23.173
2021-10-17 00:03:16,23.162
2021-10-17 00:18:16,23.151
2021-10-17 00:33:16,23.154
2021-10-17 00:48:16,23.156
2021-10-17 01:03:16,23.162
2021-10-17 01:18:16,23.157
2021-10-17 01:33:16,23.153
2021-10-17 01:48:16,23.159
2021-10-17 02:03:16,23.163
2021-10-17 02:18:16,23.162
2021-10-17 02:33:16,23.16
2021-10-17 02:48:16,23.156
2021-10-17 03:03:16,23.167
2021-10-17 03:18:16,23.156
2021-10-17 03:33:15,23.15
2021-10-17 03:33:16,23.15
2021-10-17 03:48:15,23.156
2021-10-17 03:48:16,23.156
2021-10-17 04:03:15,23.162
2021-10-17 04:18:15,23.153
2021-10-17 04:18:16,23.153
2021-10-17 04:33:15,23.155
2021-10-17 04:48:15,23.157
2021-10-17 05:03:15,23.16
2021-10-17 05:18:15,23.145
2021-10-17 05:33:15,23.148
2021-10-17 05:48:15,23.151
2021-10-17 06:03:15,23.156
2021-10-17 06:18:15,23.153
2021-10-17 06:33:15,23.157
2021-10-17 06:48:15,23.147
2021-10-17 07:03:15,23.157
2021-10-17 07:18:15,23.151
2021-10-17 07:33:15,23.149
2021-10-17 07:48:15,23.154
2021-10-17 08:03:15,23.152
2021-10-17 08:18:15,23.149
2021-10-17 08:33:14,23.154
2021-10-17 08:33:15,23.154
2021-10-17 08:48:14,23.152
2021-10-17 08:48:15,23.152
2021-10-17 09:03:14,23.149
2021-10-17 09:03:15,23.149
2021-10-17 09:18:14,23.15
2021-10-17 09:33:14,23.159
2021-10-17 09:48:14,23.15
2021-10-17 10:03:14,23.148
2021-10-17 10:18:14,23.145
2021-10-17 10:33:14,23.15
2021-10-17 10:48:14,23.146
2021-10-17 11:03:14,23.149
2021-10-17 11:18:14,23.14
2021-10-17 11:33:14,23.144
2021-10-17 11:48:14,23.151
2021-10-17 12:03:14,23.148
2021-10-17 12:18:14,23.141
2021-10-17 12:33:14,23.146
2021-10-17 12:48:14,23.15
2021-10-17 13:03:14,23.155
2021-10-17 13:18:13,23.145
2021-10-17 13:18:14,23.145
2021-10-17 13:33:13,23.146
2021-10-17 13:33:14,23.146
2021-10-17 13:48:13,23.148
2021-10-17 14:03:13,23.146
2021-10-17 14:18:13,23.14
2021-10-17 14:33:13,23.148
2021-10-17 14:48:13,23.142
2021-10-17 15:03:13,23.142
2021-10-17 15:18:13,23.136
2021-10-17 15:33:13,23.14
2021-10-17 15:48:13,23.14
2021-10-17 16:03:13,23.142
2021-10-17 16:18:13,23.151
2021-10-17 16:33:13,23.139
2021-10-17 16:48:13,23.142
2021-10-17 17:03:13,23.14
2021-10-17 17:18:13,23.144
2021-10-17 17:33:13,23.138
2021-10-17 17:48:13,23.142
2021-10-17 18:03:12,23.141
2021-10-17 18:03:13,23.141
2021-10-17 18:18:12,23.142
2021-10-17 18:18:13,23.142
2021-10-17 18:33:12,23.147
2021-10-17 18:33:13,23.147
2021-10-17 18:48:12,23.14
2021-10-17 19:03:12,23.14
2021-10-17 19:18:12,23.144
2021-10-17 19:33:12,23.141
2021-10-17 19:48:12,23.15
2021-10-17 20:03:12,23.145
2021-10-17 20:18:12,23.142
2021-10-17 20:33:12,23.148
2021-10-17 20:48:12,23.138
2021-10-17 21:03:12,23.142
2021-10-17 21:18:12,23.139
2021-10-17 21:33:12,23.141
2021-10-17 21:48:12,23.143
2021-10-17 22:03:12,23.14
2021-10-17 22:18:12,23.139
2021-10-17 22:33:12,23.138
2021-10-17 22:48:11,23.137
2021-10-17 22:48:12,23.137
2021-10-17 23:03:11,23.143
2021-10-17 23:03:12,23.143
2021-10-17 23:18:11,23.141
2021-10-17 23:18:12,23.141
2021-10-17 23:33:11,23.139
2021-10-17 23:48:11,23.138
2021-10-18 00:03:11,23.137
2021-10-18 00:18:11,23.134
2021-10-18 00:18:12,23.134
2021-10-18 00:33:11,23.142
2021-10-18 00:48:11,23.139
2021-10-18 01:03:11,23.139
2021-10-18 01:18:11,23.134
2021-10-18 01:33:11,23.136
2021-10-18 01:48:11,23.143
2021-10-18 02:03:11,23.137
2021-10-18 02:18:11,23.134
2021-10-18 02:33:11,23.135
2021-10-18 02:48:11,23.141
2021-10-18 03:03:11,23.135
2021-10-18 03:18:11,23.14
2021-10-18 03:33:11,23.136
2021-10-18 03:48:10,23.139
2021-10-18 03:48:11,23.139
2021-10-18 04:03:10,23.135
2021-10-18 04:03:11,23.135
2021-10-18 04:18:10,23.134
2021-10-18 04:18:11,23.134
2021-10-18 04:33:10,23.132
2021-10-18 04:48:10,23.135
2021-10-18 05:03:10,23.13
2021-10-18 05:18:10,23.135
2021-10-18 05:33:10,23.137
2021-10-18 05:48:10,23.131
2021-10-18 06:03:10,23.133
2021-10-18 06:18:10,23.135
2021-10-18 06:33:10,23.133
2021-10-18 06:48:10,23.136
2021-10-18 07:03:10,23.135
2021-10-18 07:18:10,23.137
2021-10-18 07:33:10,23.139
2021-10-18 07:48:10,23.134
2021-10-18 08:03:10,23.131
2021-10-18 08:18:10,23.131
2021-10-18 08:33:09,23.133
2021-10-18 08:33:10,23.133
2021-10-18 08:48:09,23.133
2021-10-18 08:48:10,23.133
2021-10-18 09:03:09,23.131
2021-10-18 09:03:10,23.131
2021-10-18 09:18:09,23.131
2021-10-18 09:33:09,23.132
2021-10-18 09:48:09,23.131
2021-10-18 10:03:09,23.132
2021-10-18 10:18:09,23.133
2021-10-18 10:33:09,23.131
2021-10-18 10:48:09,23.134
2021-10-18 11:03:09,23.134
2021-10-18 11:18:09,23.128
2021-10-18 11:33:09,23.129
2021-10-18 11:48:09,23.131
2021-10-18 12:03:09,23.13
2021-10-18 12:18:09,23.126
2021-10-18 12:33:09,23.129
2021-10-18 12:48:09,23.126
2021-10-18 13:03:09,23.128
2021-10-18 13:18:09,23.13
2021-10-18 13:33:08,23.124
2021-10-18 13:33:09,23.124
2021-10-18 13:48:08,23.129
2021-10-18 14:03:08,23.125
2021-10-18 14:18:08,23.13
2021-10-18 14:33:08,23.129
2021-10-18 14:48:08,23.127
2021-10-18 15:03:08,23.129
2021-10-18 15:18:08,23.128
2021-10-18 15:33:08,23.125
2021-10-18 15:48:08,23.128
2021-10-18 16:03:08,23.129
2021-10-18 16:18:08,23.126
2021-10-18 16:33:08,23.128
2021-10-18 16:48:08,23.13
2021-10-18 17:03:08,23.129
2021-10-18 17:18:08,23.128
2021-10-18 17:33:08,23.128
2021-10-18 17:48:08,23.125
2021-10-18 18:03:07,23.131
2021-10-18 18:03:08,23.131
2021-10-18 18:18:07,23.123
2021-10-18 18:18:08,23.123
2021-10-18 18:33:07,23.125
2021-10-18 18:33:08,23.125
2021-10-18 18:48:07,23.126
2021-10-18 18:48:08,23.126
2021-10-18 19:03:07,23.13
2021-10-18 19:18:07,23.126
2021-10-18 19:33:07,23.125
2021-10-18 19:48:07,23.128
2021-10-18 20:03:07,23.126
2021-10-18 20:18:07,23.127
2021-10-18 20:33:07,23.125
2021-10-18 20:48:07,23.125
2021-10-18 21:03:07,23.125
2021-10-18 21:18:07,23.124
2021-10-18 21:33:07,23.124
2021-10-18 21:48:07,23.126
2021-10-18 22:03:07,23.12
2021-10-18 22:18:07,23.125
2021-10-18 22:33:07,23.124
2021-10-18 22:48:07,23.123
2021-10-18 23:03:07,23.124
2021-10-18 23:18:07,23.123
2021-10-18 23:33:06,23.127
2021-10-18 23:33:07,23.127
2021-10-18 23:48:06,23.124
2021-10-19 00:03:06,23.125
2021-10-19 00:18:06,23.124
2021-10-19 00:33:06,23.122
2021-10-19 00:48:06,23.125
2021-10-19 01:03:06,23.126
2021-10-19 01:18:06,23.125
2021-10-19 01:33:06,23.122
2021-10-19 01:48:06,23.12
2021-10-19 02:03:06,23.122
2021-10-19 02:18:06,23.118
2021-10-19 02:33:06,23.123
2021-10-19 02:48:06,23.121
2021-10-19 03:03:06,23.125
2021-10-19 03:18:06,23.123
2021-10-19 03:33:06,23.12
2021-10-19 03:48:06,23.123
2021-10-19 04:03:06,23.122
2021-10-19 04:18:06,23.123
2021-10-19 04:33:06,23.12
2021-10-19 04:48:05,23.124
2021-10-19 04:48:06,23.124
2021-10-19 05:03:05,23.121
2021-10-19 05:03:06,23.121
2021-10-19 05:18:05,23.122
2021-10-19 05:18:06,23.122
2021-10-19 05:33:05,23.123
2021-10-19 05:48:05,23.123
2021-10-19 06:03:05,23.12
2021-10-19 06:18:05,23.12
2021-10-19 06:33:05,23.121
2021-10-19 06:48:05,23.121
2021-10-19 07:03:05,23.121
2021-10-19 07:18:05,23.12
2021-10-19 07:33:05,23.123
2021-10-19 07:48:05,23.116
2021-10-19 08:03:05,23.12
2021-10-19 08:18:05,23.121
2021-10-19 08:33:05,23.124
2021-10-19 08:48:05,23.122
2021-10-19 09:03:05,23.12
2021-10-19 09:18:05,23.122
2021-10-19 09:33:05,23.121
2021-10-19 09:48:05,23.123
2021-10-19 10:03:05,23.127
2021-10-19 10:18:05,23.12
2021-10-19 10:33:04,23.118
2021-10-19 10:33:05,23.118
2021-10-19 10:48:04,23.119
2021-10-19 10:48:05,23.119
2021-10-19 11:03:04,23.118
2021-10-19 11:18:04,23.119
2021-10-19 11:33:04,23.12
2021-10-19 11:48:04,23.123
2021-10-19 12:03:04,23.129
2021-10-19 12:18:04,23.122
2021-10-19 12:33:04,23.121
2021-10-19 12:48:04,23.12
2021-10-19 13:03:04,23.12
2021-10-19 13:18:04,23.12
2021-10-19 13:33:04,23.12
2021-10-19 13:48:04,23.122
2021-10-19 14:03:04,23.123
2021-10-19 14:18:04,23.119
2021-10-19 14:33:04,23.121
2021-10-19 14:48:04,23.121
2021-10-19 15:03:04,23.121
2021-10-19 15:18:04,23.123
2021-10-19 15:33:04,23.123
2021-10-19 15:48:03,23.12
2021-10-19 15:48:04,23.12
2021-10-19 16:03:03,23.11
2021-10-19 16:03:04,23.11
2021-10-19 16:18:03,23.104
2021-10-19 16:18:04,23.104
2021-10-19 16:33:03,23.095
2021-10-19 16:48:03,23.091
2021-10-19 17:03:03,23.088
2021-10-19 17:18:03,23.086
2021-10-19 17:33:03,23.09
2021-10-19 17:48:03,23.088
2021-10-19 18:03:03,23.094
2021-10-19 18:18:03,23.093
2021-10-19 18:33:03,23.095
2021-10-19 18:48:03,23.095
2021-10-19 19:03:03,23.1
2021-10-19 19:18:03,23.102
2021-10-19 19:33:03,23.109
2021-10-19 19:48:03,23.105
2021-10-19 20:03:03,23.109
2021-10-19 20:18:03,23.114
2021-10-19 20:33:02,23.117
2021-10-19 20:33:03,23.117
2021-10-19 20:48:02,23.13
2021-10-19 20:48:03,23.13
2021-10-19 21:03:02,23.137
2021-10-19 21:03:03,23.137
2021-10-19 21:18:02,23.138
2021-10-19 21:18:03,23.138
2021-10-19 21:33:02,23.144
2021-10-19 21:48:02,23.145
2021-10-19 22:03:02,23.156
2021-10-19 22:18:02,23.151
2021-10-19 22:33:02,23.168
2021-10-19 22:48:02,23.174
2021-10-19 23:03:02,23.178
2021-10-19 23:18:02,23.187
2021-10-19 23:33:02,23.183
2021-10-19 23:48:02,23.204
2021-10-20 00:03:02,23.204
2021-10-20 00:18:02,23.216
2021-10-20 00:33:02,23.229
2021-10-20 00:48:02,23.244
2021-10-20 01:03:02,23.255
2021-10-20 01:18:02,23.266
2021-10-20 01:33:01,23.271
2021-10-20 01:33:02,23.271
2021-10-20 01:48:01,23.278
2021-10-20 01:48:02,23.278
2021-10-20 02:03:01,23.281
2021-10-20 02:03:02,23.281
2021-10-20 02:18:01,23.278
2021-10-20 02:33:01,23.283
2021-10-20 02:48:01,23.278
2021-10-20 03:03:01,23.278
2021-10-20 03:18:01,23.281
2021-10-20 03:33:01,23.276
2021-10-20 03:48:01,23.28
2021-10-20 04:03:01,23.278
2021-10-20 04:18:01,23.275
2021-10-20 04:33:01,23.271
2021-10-20 04:48:01,23.277
2021-10-20 05:03:01,23.269
2021-10-20 05:18:01,23.272
2021-10-20 05:33:01,23.276
2021-10-20 05:48:01,23.273
2021-10-20 06:03:01,23.276
2021-10-20 06:18:00,23.277
2021-10-20 06:18:01,23.277
2021-10-20 06:33:00,23.277
2021-10-20 06:33:01,23.277
2021-10-20 06:48:00,23.283
2021-10-20 06:48:01,23.283
2021-10-20 07:03:00,23.289
2021-10-20 07:18:00,23.29
2021-10-20 07:33:00,23.294
2021-10-20 07:48:00,23.3
2021-10-20 08:03:00,23.301
2021-10-20 08:03:01,23.301
2021-10-20 08:18:00,23.296
2021-10-20 08:33:00,23.296
2021-10-20 08:48:00,23.299
2021-10-20 09:03:00,23.307
2021-10-20 09:18:00,23.299
2021-10-20 09:33:00,23.314
2021-10-20 09:48:00,23.309
2021-10-20 10:03:00,23.312
2021-10-20 10:18:00,23.31
2021-10-20 10:33:00,23.325
2021-10-20 10:47:59,23.32
2021-10-20 10:48:00,23.32
2021-10-20 11:02:59,23.328
2021-10-20 11:03:00,23.328
2021-10-20 11:17:59,23.326
2021-10-20 11:18:00,23.326
2021-10-20 11:32:59,23.344
2021-10-20 11:47:59,23.351
2021-10-20 12:02:59,23.353
2021-10-20 12:17:59,23.358
2021-10-20 12:32:59,23.361
2021-10-20 12:47:59,23.367
2021-10-20 13:02:59,23.365
2021-10-20 13:17:59,23.368
2021-10-20 13:32:59,23.374
2021-10-20 13:47:59,23.376
2021-10-20 14:02:59,23.377
2021-10-20 14:17:59,23.378
2021-10-20 14:32:59,23.382
2021-10-20 14:47:59,23.38
2021-10-20 15:02:59,23.381
2021-10-20 15:17:59,23.374
2021-10-20 15:32:58,23.38
2021-10-20 15:32:59,23.38
2021-10-20 15:47:58,23.376
2021-10-20 16:02:58,23.369
2021-10-20 16:17:58,23.373
2021-10-20 16:32:58,23.367
2021-10-20 16:47:58,23.363
2021-10-20 17:02:58,23.357
2021-10-20 17:17:58,23.351
2021-10-20 17:32:58,23.349
2021-10-20 17:47:58,23.338
2021-10-20 18:02:58,23.312
2021-10-20 18:17:58,23.294
2021-10-20 18:32:58,23.297
2021-10-20 18:47:58,23.293
2021-10-20 19:02:58,23.291
2021-10-20 19:17:58,23.274
2021-10-20 19:32:57,23.264
2021-10-20 19:32:58,23.264
2021-10-20 19:47:57,23.251
2021-10-20 19:47:58,23.251
2021-10-20 20:02:57,23.243
2021-10-20 20:17:57,23.237
2021-10-20 20:32:57,23.235
2021-10-20 20:47:57,23.225
2021-10-20 21:02:57,23.231
2021-10-20 21:17:57,23.226
2021-10-20 21:32:57,23.218
2021-10-20 21:47:57,23.221
2021-10-20 22:02:57,23.219
2021-10-20 22:17:57,23.213
2021-10-20 22:32:57,23.213
2021-10-20 22:47:57,23.211
2021-10-20 23:02:57,23.205
2021-10-20 23:02:58,23.205
2021-10-20 23:17:57,23.211
2021-10-20 23:32:57,23.206
2021-10-20 23:47:57,23.209
2021-10-21 00:02:57,23.212
2021-10-21 00:17:57,23.212
2021-10-21 00:32:56,23.213
2021-10-21 00:32:57,23.213
2021-10-21 00:47:56,23.211
2021-10-21 00:47:57,23.211
2021-10-21 01:02:56,23.213
2021-10-21 01:17:56,23.209
2021-10-21 01:32:56,23.214
2021-10-21 01:47:56,23.214
2021-10-21 02:02:56,23.219
2021-10-21 02:17:56,23.213
2021-10-21 02:32:56,23.216
2021-10-21 02:47:56,23.226
2021-10-21 03:02:56,23.229
2021-10-21 03:17:56,23.226
2021-10-21 03:32:56,23.226
2021-10-21 03:47:56,23.219
2021-10-21 04:02:56,23.224
2021-10-21 04:17:56,23.22
2021-10-21 04:32:56,23.223
2021-10-21 04:47:56,23.217
2021-10-21 05:02:55,23.215
2021-10-21 05:02:56,23.215
2021-10-21 05:17:55,23.218
2021-10-21 05:17:56,23.218
2021-10-21 05:32:55,23.214
2021-10-21 05:32:56,23.214
2021-10-21 05:47:55,23.211
2021-10-21 06:02:55,23.207
2021-10-21 06:17:55,23.202
2021-10-21 06:32:55,23.201
2021-10-21 06:47:55,23.209
2021-10-21 07:02:55,23.198
2021-10-21 07:17:55,23.198
2021-10-21 07:32:55,23.197
2021-10-21 07:47:55,23.195
2021-10-21 08:02:55,23.193
2021-10-21 08:17:55,23.197
2021-10-21 08:32:55,23.199
2021-10-21 08:47:55,23.189
2021-10-21 09:02:55,23.191
2021-10-21 09:17:55,23.192
2021-10-21 09:32:55,23.188
2021-10-21 09:47:55,23.193
2021-10-21 10:02:54,23.188
2021-10-21 10:02:55,23.188
2021-10-21 10:17:54,23.19
2021-10-21 10:17:55,23.19
2021-10-21 10:32:54,23.19
2021-10-21 10:32:55,23.19
2021-10-21 10:47:54,23.191
2021-10-21 11:02:54,23.196
2021-10-21 11:17:54,23.189
2021-10-21 11:32:54,23.19
2021-10-21 11:47:54,23.188
2021-10-21 12:02:54,23.191
2021-10-21 12:17:54,23.193
2021-10-21 12:32:54,23.188
2021-10-21 12:47:54,23.191
2021-10-21 13:02:54,23.181
2021-10-21 13:17:54,23.194
2021-10-21 13:32:54,23.192
2021-10-21 13:47:54,23.186
2021-10-21 14:02:54,23.19
2021-10-21 14:17:54,23.194
2021-10-21 14:32:54,23.199
2021-10-21 14:47:54,23.196
2021-10-21 15:02:54,23.195
2021-10-21 15:17:54,23.191
2021-10-21 15:32:53,23.194
2021-10-21 15:32:54,23.194
2021-10-21 15:47:53,23.194
2021-10-21 16:02:53,23.191
2021-10-21 16:17:53,23.195
2021-10-21 16:32:53,23.194
2021-10-21 16:47:53,23.191
2021-10-21 17:02:53,23.198
2021-10-21 17:17:53,23.202
2021-10-21 17:32:53,23.198
2021-10-21 17:47:53,23.2
2021-10-21 18:02:53,23.203
2021-10-21 18:17:53,23.199
2021-10-21 18:32:53,23.201
2021-10-21 18:47:53,23.201
2021-10-21 19:02:53,23.2
2021-10-21 19:17:53,23.198
2021-10-21 19:32:53,23.2
2021-10-21 19:47:53,23.201
2021-10-21 20:02:53,23.195
2021-10-21 20:17:52,23.194
2021-10-21 20:17:53,23.194
2021-10-21 20:32:52,23.195
2021-10-21 20:32:53,23.195
2021-10-21 20:47:52,23.196
2021-10-21 20:47:53,23.196
2021-10-21 21:02:52,23.201
2021-10-21 21:17:52,23.191
2021-10-21 21:32:52,23.195
2021-10-21 21:47:52,23.191
2021-10-21 22:02:52,23.195
2021-10-21 22:17:52,23.192
2021-10-21 22:32:52,23.191
2021-10-21 22:47:52,23.192
2021-10-21 23:02:52,23.19
2021-10-21 23:17:52,23.188
2021-10-21 23:32:52,23.191
2021-10-21 23:47:52,23.19
2021-10-22 00:02:52,23.188
2021-10-22 00:17:52,23.189
2021-10-22 00:32:52,23.188
2021-10-22 00:47:52,23.187
2021-10-22 01:02:52,23.185
2021-10-22 01:17:52,23.19
2021-10-22 01:32:51,23.194
2021-10-22 01:32:52,23.194
2021-10-22 01:47:51,23.194
2021-10-22 01:47:52,23.194
2021-10-22 02:02:51,23.193
2021-10-22 02:17:51,23.196
2021-10-22 02:32:51,23.196
2021-10-22 02:47:51,23.202
2021-10-22 03:02:51,23.199
2021-10-22 03:17:51,23.204
2021-10-22 03:32:51,23.202
2021-10-22 03:47:51,23.205
2021-10-22 04:02:51,23.205
2021-10-22 04:17:51,23.201
2021-10-22 04:32:51,23.209
2021-10-22 04:47:51,23.213
2021-10-22 05:02:51,23.209
2021-10-22 05:17:51,23.21
2021-10-22 05:32:51,23.215
2021-10-22 05:47:51,23.215
2021-10-22 06:02:51,23.212
2021-10-22 06:17:51,23.211
2021-10-22 06:32:51,23.211
2021-10-22 06:47:50,23.205
2021-10-22 06:47:51,23.205
2021-10-22 07:02:50,23.213
2021-10-22 07:17:50,23.205
2021-10-22 07:32:50,23.201
2021-10-22 07:47:50,23.209
2021-10-22 08:02:50,23.205
2021-10-22 08:17:50,23.204
2021-10-22 08:32:50,23.202
2021-10-22 08:47:50,23.211
2021-10-22 09:02:50,23.204
2021-10-22 09:17:50,23.204
2021-10-22 09:32:50,23.206
2021-10-22 09:47:50,23.207
2021-10-22 10:02:50,23.211
2021-10-22 10:17:50,23.209
2021-10-22 10:32:50,23.215
2021-10-22 10:47:50,23.213
2021-10-22 11:02:50,23.209
2021-10-22 11:17:50,23.214
2021-10-22 11:32:50,23.212
2021-10-22 11:47:49,23.218
2021-10-22 11:47:50,23.218
2021-10-22 12:02:49,23.212
2021-10-22 12:17:49,23.218
2021-10-22 12:32:49,23.214
2021-10-22 12:47:49,23.211
2021-10-22 13:02:49,23.215
2021-10-22 13:17:49,23.207
2021-10-22 13:32:49,23.212
2021-10-22 13:47:49,23.213
2021-10-22 14:02:49,23.212
2021-10-22 14:17:49,23.217
2021-10-22 14:32:49,23.205
2021-10-22 14:47:49,23.21
2021-10-22 15:02:49,23.206
2021-10-22 15:17:49,23.209
2021-10-22 15:32:49,23.208
2021-10-22 15:47:49,23.211
2021-10-22 16:02:49,23.207
2021-10-22 16:17:49,23.206
2021-10-22 16:32:49,23.208
2021-10-22 16:47:48,23.204
2021-10-22 16:47:49,23.204
2021-10-22 17:02:48,23.21
2021-10-22 17:02:49,23.21
2021-10-22 17:17:48,23.206
2021-10-22 17:17:49,23.206
2021-10-22 17:32:48,23.204
2021-10-22 17:47:48,23.202
2021-10-22 18:02:48,23.202
2021-10-22 18:17:48,23.2
2021-10-22 18:32:48,23.202
2021-10-22 18:47:48,23.199
2021-10-22 19:02:48,23.202
2021-10-22 19:17:48,23.199
2021-10-22 19:32:48,23.199
2021-10-22 19:47:48,23.201
2021-10-22 20:02:48,23.195
2021-10-22 20:17:48,23.19
2021-10-22 20:32:48,23.191
2021-10-22 20:47:48,23.19
2021-10-22 21:02:48,23.188
2021-10-22 21:17:48,23.19
2021-10-22 21:32:48,23.19
2021-10-22 21:47:48,23.187
2021-10-22 22:02:47,23.183
2021-10-22 22:02:48,23.183
2021-10-22 22:17:47,23.185
2021-10-22 22:17:48,23.185
2021-10-22 22:32:47,23.174
2021-10-22 22:32:48,23.174
2021-10-22 22:47:47,23.181
2021-10-22 23:02:47,23.173
2021-10-22 23:17:47,23.178
2021-10-22 23:32:47,23.175
2021-10-22 23:47:47,23.179
2021-10-23 00:02:47,23.17
2021-10-23 00:17:47,23.174
2021-10-23 00:32:47,23.174
2021-10-23 00:47:47,23.171
2021-10-23 01:02:47,23.174
2021-10-23 01:17:47,23.173
2021-10-23 01:32:47,23.173
2021-10-23 01:47:47,23.171
2021-10-23 02:02:47,23.167
2021-10-23 02:17:47,23.159
2021-10-23 02:32:47,23.171
2021-10-23 02:47:47,23.166
2021-10-23 03:02:47,23.163
2021-10-23 03:17:46,23.167
2021-10-23 03:17:47,23.167
2021-10-23 03:32:46,23.166
2021-10-23 03:32:47,23.166
2021-10-23 03:47:46,23.155
2021-10-23 03:47:47,23.155
2021-10-23 04:02:46,23.161
2021-10-23 04:17:46,23.163
2021-10-23 04:32:46,23.161
2021-10-23 04:47:46,23.148
2021-10-23 05:02:46,23.162
2021-10-23 05:17:46,23.156
2021-10-23 05:32:46,23.157
2021-10-23 05:47:46,23.151
2021-10-23 06:02:46,23.167
2021-10-23 06:17:46,23.154
2021-10-23 06:32:46,23.149
2021-10-23 06:47:46,23.162
2021-10-23 07:02:46,23.152
2021-10-23 07:17:46,23.152
2021-10-23 07:32:46,23.16
2021-10-23 07:47:46,23.159
2021-10-23 08:02:46,23.154
2021-10-23 08:17:46,23.147
2021-10-23 08:32:46,23.154
2021-10-23 08:47:46,23.151
2021-10-23 09:02:46,23.155
2021-10-23 09:17:46,23.152
2021-10-23 09:32:45,23.152
2021-10-23 09:32:46,23.152
2021-10-23 09:47:45,23.153
2021-10-23 10:02:45,23.154
2021-10-23 10:17:45,23.144
2021-10-23 10:32:45,23.154
2021-10-23 10:47:45,23.152
2021-10-23 11:02:45,23.16
2021-10-23 11:17:45,23.153
2021-10-23 11:32:45,23.152
2021-10-23 11:47:45,23.152
2021-10-23 12:02:45,23.154
2021-10-23 12:17:45,23.161
2021-10-23 12:32:45,23.146
2021-10-23 12:47:45,23.155
2021-10-23 13:02:45,23.149
2021-10-23 13:17:45,23.148
2021-10-23 13:32:45,23.148
2021-10-23 13:47:45,23.147
2021-10-23 14:02:45,23.15
2021-10-23 14:17:45,23.153
2021-10-23 14:32:44,23.144
2021-10-23 14:32:45,23.144
2021-10-23 14:47:44,23.16
2021-10-23 15:02:44,23.158
2021-10-23 15:17:44,23.153
2021-10-23 15:32:44,23.154
2021-10-23 15:47:44,23.149
2021-10-23 16:02:44,23.144
2021-10-23 16:17:44,23.158
2021-10-23 16:32:44,23.151
2021-10-23 16:47:44,23.151
2021-10-23 17:02:44,23.15
2021-10-23 17:17:44,23.156
2021-10-23 17:32:44,23.149
2021-10-23 17:47:44,23.147
2021-10-23 18:02:44,23.146
2021-10-23 18:17:44,23.142
2021-10-23 18:32:44,23.144
2021-10-23 18:47:44,23.15
2021-10-23 19:02:44,23.14
2021-10-23 19:17:44,23.145
2021-10-23 19:32:44,23.142
2021-10-23 19:47:44,23.143
2021-10-23 20:02:44,23.143
2021-10-23 20:17:44,23.142
2021-10-23 20:32:43,23.147
2021-10-23 20:32:44,23.147
2021-10-23 20:47:43,23.139
2021-10-23 21:02:43,23.147
2021-10-23 21:17:43,23.145
2021-10-23 21:32:43,23.15
2021-10-23 21:47:43,23.154
2021-10-23 22:02:43,23.144
2021-10-23 22:17:43,23.139
2021-10-23 22:32:43,23.149
2021-10-23 22:47:43,23.142
2021-10-23 23:02:43,23.147
2021-10-23 23:17:43,23.142
2021-10-23 23:32:43,23.141
2021-10-23 23:47:43,23.136
2021-10-24 00:02:43,23.139
2021-10-24 00:17:43,23.143
2021-10-24 00:32:43,23.138
2021-10-24 00:47:43,23.145
2021-10-24 01:02:43,23.145
2021-10-24 01:17:43,23.138
2021-10-24 01:32:43,23.137
2021-10-24 01:47:43,23.14
2021-10-24 02:02:43,23.141
2021-10-24 02:17:43,23.138
2021-10-24 02:32:42,23.136
2021-10-24 02:32:43,23.136
2021-10-24 02:47:42,23.139
2021-10-24 03:02:42,23.142
2021-10-24 03:17:42,23.14
2021-10-24 03:32:42,23.142
2021-10-24 03:47:42,23.14
2021-10-24 04:02:42,23.139
2021-10-24 04:17:42,23.147
2021-10-24 04:32:42,23.137
2021-10-24 04:47:42,23.14
2021-10-24 05:02:42,23.138
2021-10-24 05:17:42,23.146
2021-10-24 05:32:42,23.137
2021-10-24 05:47:42,23.134
2021-10-24 06:02:42,23.135
2021-10-24 06:17:42,23.141
2021-10-24 06:32:42,23.141
2021-10-24 06:47:42,23.139
2021-10-24 07:02:42,23.137
2021-10-24 07:17:42,23.14
2021-10-24 07:32:42,23.135
2021-10-24 07:47:42,23.141
2021-10-24 08:02:42,23.137
2021-10-24 08:17:41,23.139
2021-10-24 08:17:42,23.139
2021-10-24 08:32:41,23.141
2021-10-24 08:32:42,23.141
2021-10-24 08:47:41,23.133
2021-10-24 08:47:42,23.133
2021-10-24 09:02:41,23.132
2021-10-24 09:17:41,23.138
2021-10-24 09:32:41,23.134
2021-10-24 09:47:41,23.142
2021-10-24 10:02:41,23.139
2021-10-24 10:17:41,23.139
2021-10-24 10:32:41,23.142
2021-10-24 10:47:41,23.134
2021-10-24 11:02:41,23.144
2021-10-24 11:17:41,23.14
2021-10-24 11:32:41,23.138
2021-10-24 11:47:41,23.131
2021-10-24 12:02:41,23.142
2021-10-24 12:17:41,23.138
2021-10-24 12:32:41,23.139
2021-10-24 12:47:41,23.141
2021-10-24 13:02:41,23.142
2021-10-24 13:17:41,23.137
2021-10-24 13:32:41,23.142
2021-10-24 13:47:41,23.133
2021-10-24 14:02:41,23.137
2021-10-24 14:17:41,23.14
2021-10-24 14:32:40,23.142
2021-10-24 14:32:41,23.142
2021-10-24 14:47:40,23.145
2021-10-24 15:02:40,23.156
2021-10-24 15:17:40,23.147
2021-10-24 15:32:40,23.145
2021-10-24 15:47:40,23.148
2021-10-24 16:02:40,23.149
2021-10-24 16:32:40,23.157
2021-10-24 16:47:40,23.153
2021-10-24 17:02:40,23.159
2021-10-24 17:17:40,23.166
2021-10-24 17:32:40,23.154
2021-10-24 17:47:40,23.164
2021-10-24 18:02:40,23.161
2021-10-24 18:17:40,23.169
2021-10-24 18:32:40,23.162
2021-10-24 18:47:40,23.161
2021-10-24 19:02:40,23.162
2021-10-24 19:17:39,23.156
2021-10-24 19:17:40,23.156
2021-10-24 19:32:39,23.156
2021-10-24 19:47:39,23.17
2021-10-24 20:02:39,23.166
2021-10-24 20:17:39,23.169
2021-10-24 20:32:39,23.162
2021-10-24 20:47:39,23.171
2021-10-24 21:02:39,23.157
2021-10-24 21:17:39,23.164
2021-10-24 21:32:39,23.162
2021-10-24 21:47:39,23.163
2021-10-24 22:02:39,23.171
2021-10-24 22:17:39,23.152
2021-10-24 22:32:39,23.165
2021-10-24 22:47:39,23.169
2021-10-24 23:02:39,23.167
2021-10-24 23:17:39,23.171
2021-10-24 23:32:39,23.164
2021-10-24 23:47:39,23.172
2021-10-25 00:02:39,23.174
2021-10-25 00:32:38,23.178
2021-10-25 00:47:38,23.179
2021-10-25 01:02:38,23.183
2021-10-25 01:17:38,23.186
2021-10-25 01:32:38,23.184
2021-10-25 01:47:38,23.187
2021-10-25 02:02:38,23.185
2021-10-25 02:17:38,23.186
2021-10-25 02:32:38,23.188
2021-10-25 02:47:38,23.193
2021-10-25 03:02:38,23.189
2021-10-25 03:17:38,23.196
2021-10-25 03:32:38,23.194
2021-10-25 03:47:38,23.196
2021-10-25 03:47:39,23.196
2021-10-25 04:02:38,23.199
2021-10-25 04:17:38,23.201
2021-10-25 04:32:38,23.199
2021-10-25 04:47:38,23.199
2021-10-25 05:02:37,23.194
2021-10-25 05:02:38,23.194
2021-10-25 05:17:37,23.196
2021-10-25 05:17:38,23.196
2021-10-25 05:32:37,23.2
2021-10-25 05:47:37,23.192
2021-10-25 06:02:37,23.189
2021-10-25 06:17:37,23.188
2021-10-25 06:32:37,23.187
2021-10-25 06:47:37,23.186
2021-10-25 07:02:37,23.185
2021-10-25 07:17:37,23.183
2021-10-25 07:32:37,23.179
2021-10-25 07:47:37,23.181
2021-10-25 08:02:37,23.178
2021-10-25 08:17:37,23.175
2021-10-25 08:32:37,23.17
2021-10-25 08:47:37,23.175
2021-10-25 09:02:37,23.162
2021-10-25 09:17:37,23.17
2021-10-25 09:32:37,23.173
2021-10-25 09:47:37,23.169
2021-10-25 10:02:37,23.159
2021-10-25 10:17:37,23.158
2021-10-25 10:32:36,23.166
2021-10-25 10:32:37,23.166
2021-10-25 10:47:36,23.162
2021-10-25 11:02:36,23.156
2021-10-25 11:17:36,23.162
2021-10-25 11:32:36,23.164
2021-10-25 11:47:36,23.165
2021-10-25 12:02:36,23.154
2021-10-25 12:17:36,23.151
2021-10-25 12:32:36,23.16
2021-10-25 12:47:36,23.158
2021-10-25 13:02:36,23.161
2021-10-25 13:17:36,23.156
2021-10-25 13:47:36,23.155
2021-10-25 14:02:36,23.153
2021-10-25 14:17:36,23.16
2021-10-25 14:32:36,23.161
2021-10-25 14:47:36,23.158
2021-10-25 15:02:36,23.158
2021-10-25 15:17:35,23.165
2021-10-25 15:17:36,23.165
2021-10-25 15:32:35,23.164
2021-10-25 15:32:36,23.164
2021-10-25 15:47:35,23.164
2021-10-25 16:02:35,23.151
2021-10-25 16:17:35,23.159
2021-10-25 16:32:35,23.155
2021-10-25 16:47:35,23.157
2021-10-25 17:02:35,23.157
2021-10-25 17:17:35,23.158
2021-10-25 17:32:35,23.166
2021-10-25 17:47:35,23.158
2021-10-25 18:02:35,23.163
2021-10-25 18:17:35,23.151
2021-10-25 18:32:35,23.159
2021-10-25 18:47:35,23.149
2021-10-25 19:02:35,23.152
2021-10-25 19:17:35,23.156
2021-10-25 19:32:35,23.154
2021-10-25 19:47:35,23.15
2021-10-25 20:02:35,23.152
2021-10-25 20:17:34,23.146
2021-10-25 20:17:35,23.146
2021-10-25 20:32:34,23.152
2021-10-25 20:32:35,23.152
2021-10-25 20:47:34,23.149
2021-10-25 21:02:34,23.139
2021-10-25 21:17:34,23.154
2021-10-25 21:32:34,23.149
2021-10-25 21:47:34,23.153
2021-10-25 22:02:34,23.147
2021-10-25 22:17:34,23.145
2021-10-25 22:32:34,23.154
2021-10-25 22:47:34,23.146
2021-10-25 23:02:34,23.155
2021-10-25 23:17:34,23.144
2021-10-25 23:32:34,23.143
2021-10-25 23:47:34,23.152
2021-10-26 00:02:34,23.144
2021-10-26 00:17:34,23.144
2021-10-26 00:32:34,23.146
2021-10-26 00:47:34,23.145
2021-10-26 01:02:34,23.148
2021-10-26 01:17:34,23.143
2021-10-26 01:32:33,23.145
2021-10-26 01:32:34,23.145
2021-10-26 01:47:33,23.144
2021-10-26 02:02:33,23.145
2021-10-26 02:17:33,23.14
2021-10-26 02:32:33,23.146
2021-10-26 02:47:33,23.139
2021-10-26 03:02:33,23.142
2021-10-26 03:17:33,23.142
2021-10-26 03:32:33,23.137
2021-10-26 03:47:33,23.134
2021-10-26 04:02:33,23.142
2021-10-26 04:17:33,23.139
2021-10-26 04:32:33,23.132
2021-10-26 04:47:33,23.14
2021-10-26 05:02:33,23.14
2021-10-26 05:17:33,23.143
2021-10-26 05:32:33,23.152
2021-10-26 05:47:33,23.145
2021-10-26 06:02:33,23.142
2021-10-26 06:17:33,23.135
2021-10-26 06:32:32,23.145
2021-10-26 06:32:33,23.145
2021-10-26 06:47:32,23.14
2021-10-26 06:47:33,23.14
2021-10-26 07:02:32,23.142
2021-10-26 07:02:33,23.142
2021-10-26 07:17:32,23.138
2021-10-26 07:32:32,23.139
2021-10-26 07:47:32,23.141
2021-10-26 08:02:32,23.137
2021-10-26 08:17:32,23.149
2021-10-26 08:32:32,23.141
2021-10-26 08:47:32,23.141
2021-10-26 09:02:32,23.138
2021-10-26 09:17:32,23.138
2021-10-26 09:32:32,23.138
2021-10-26 09:47:32,23.143
2021-10-26 10:02:32,23.141
2021-10-26 10:17:32,23.14
2021-10-26 10:32:32,23.141
2021-10-26 10:47:32,23.127
2021-10-26 11:02:32,23.137
2021-10-26 11:17:32,23.139
2021-10-26 11:32:31,23.139
2021-10-26 11:32:32,23.139
2021-10-26 11:47:31,23.143
2021-10-26 11:47:32,23.143
2021-10-26 12:02:31,23.133
2021-10-26 12:17:31,23.137
2021-10-26 12:32:31,23.135
2021-10-26 12:47:31,23.137
2021-10-26 13:02:31,23.14
2021-10-26 13:17:31,23.136
2021-10-26 13:32:31,23.135
2021-10-26 13:47:31,23.136
2021-10-26 14:02:31,23.137
2021-10-26 14:17:31,23.141
2021-10-26 14:32:31,23.138
2021-10-26 14:47:31,23.143
2021-10-26 15:02:31,23.137
2021-10-26 15:17:31,23.142
2021-10-26 15:32:31,23.143
2021-10-26 15:47:31,23.139
2021-10-26 16:02:31,23.142
2021-10-26 16:17:31,23.13
2021-10-26 16:32:30,23.139
2021-10-26 16:32:31,23.139
2021-10-26 16:47:30,23.134
2021-10-26 16:47:31,23.134
2021-10-26 17:02:30,23.13
2021-10-26 17:02:31,23.13
2021-10-26 17:17:30,23.132
2021-10-26 17:32:30,23.143
2021-10-26 17:47:30,23.138
2021-10-26 18:02:30,23.141
2021-10-26 18:17:30,23.14
2021-10-26 18:32:30,23.138
2021-10-26 18:47:30,23.136
2021-10-26 19:02:30,23.142
2021-10-26 19:17:30,23.14
2021-10-26 19:32:30,23.138
2021-10-26 19:47:30,23.142
2021-10-26 20:02:30,23.141
2021-10-26 20:17:30,23.145
2021-10-26 20:32:30,23.142
2021-10-26 20:47:30,23.145
2021-10-26 21:02:30,23.144
2021-10-26 21:17:30,23.138
2021-10-26 21:32:29,23.144
2021-10-26 21:47:29,23.144
2021-10-26 22:02:29,23.135
2021-10-26 22:17:29,23.145
2021-10-26 22:32:29,23.151
2021-10-26 22:47:29,23.136
2021-10-26 23:02:29,23.14
2021-10-26 23:17:29,23.147
2021-10-26 23:32:29,23.139
2021-10-26 23:47:29,23.147
2021-10-27 00:02:29,23.139
2021-10-27 00:17:29,23.139
2021-10-27 00:32:29,23.143
2021-10-27 00:47:29,23.142
2021-10-27 01:02:29,23.141
2021-10-27 01:17:29,23.148
2021-10-27 01:32:29,23.146
2021-10-27 01:47:29,23.147
2021-10-27 02:02:29,23.135
2021-10-27 02:17:28,23.144
2021-10-27 02:17:29,23.144
2021-10-27 02:32:28,23.141
2021-10-27 02:32:29,23.141
2021-10-27 02:47:28,23.145
2021-10-27 03:02:28,23.14
2021-10-27 03:17:28,23.14
2021-10-27 03:32:28,23.146
2021-10-27 03:47:28,23.148
2021-10-27 04:02:28,23.144
2021-10-27 04:17:28,23.15
2021-10-27 04:32:28,23.14
2021-10-27 04:47:28,23.147
2021-10-27 05:02:28,23.145
2021-10-27 05:17:28,23.142
2021-10-27 05:32:28,23.148
2021-10-27 05:47:28,23.135
2021-10-27 06:02:28,23.144
2021-10-27 06:17:28,23.139
2021-10-27 06:32:28,23.141
2021-10-27 06:47:28,23.136
2021-10-27 07:02:28,23.141
2021-10-27 07:17:28,23.136
2021-10-27 07:32:27,23.134
2021-10-27 07:32:28,23.134
2021-10-27 07:47:27,23.141
2021-10-27 07:47:28,23.141
2021-10-27 08:02:27,23.134
2021-10-27 08:17:27,23.136
2021-10-27 08:32:27,23.137
2021-10-27 08:47:27,23.138
2021-10-27 09:02:27,23.133
2021-10-27 09:17:27,23.14
2021-10-27 09:47:27,23.132
2021-10-27 10:02:27,23.133
2021-10-27 10:17:27,23.13
2021-10-27 10:32:27,23.134
2021-10-27 10:47:27,23.139
2021-10-27 11:02:27,23.132
2021-10-27 11:17:27,23.129
2021-10-27 11:32:27,23.133
2021-10-27 11:47:27,23.137
2021-10-27 12:02:27,23.138
2021-10-27 12:17:27,23.128
2021-10-27 12:32:27,23.131
2021-10-27 12:47:26,23.135
2021-10-27 12:47:27,23.135
2021-10-27 13:02:26,23.136
2021-10-27 13:02:27,23.136
2021-10-27 13:17:26,23.132
2021-10-27 13:17:27,23.132
2021-10-27 13:32:26,23.141
2021-10-27 13:47:26,23.139
2021-10-27 14:02:26,23.14
2021-10-27 14:17:26,23.141
2021-10-27 14:32:26,23.146
2021-10-27 14:47:26,23.148
2021-10-27 15:02:26,23.155
2021-10-27 15:17:26,23.16
2021-10-27 15:32:26,23.153
2021-10-27 15:47:26,23.162
2021-10-27 16:02:26,23.167
2021-10-27 16:17:26,23.169
2021-10-27 16:32:26,23.169
2021-10-27 16:47:26,23.173
2021-10-27 17:02:26,23.17
2021-10-27 17:17:26,23.172
2021-10-27 17:32:26,23.175
2021-10-27 17:47:25,23.184
2021-10-27 17:47:26,23.184
2021-10-27 18:02:25,23.184
2021-10-27 18:02:26,23.184
2021-10-27 18:17:25,23.194
2021-10-27 18:32:25,23.2
2021-10-27 18:47:25,23.195
2021-10-27 19:02:25,23.194
2021-10-27 19:17:25,23.193
2021-10-27 19:32:25,23.193
2021-10-27 19:47:25,23.197
2021-10-27 20:02:25,23.191
2021-10-27 20:17:25,23.193
2021-10-27 20:32:25,23.192
2021-10-27 20:47:25,23.183
2021-10-27 21:02:25,23.188
2021-10-27 21:17:25,23.183
2021-10-27 21:47:25,23.179
2021-10-27 22:02:25,23.177
2021-10-27 22:17:25,23.18
2021-10-27 22:32:24,23.176
2021-10-27 22:32:25,23.176
2021-10-27 22:47:24,23.17
2021-10-27 22:47:25,23.17
2021-10-27 23:02:24,23.167
2021-10-27 23:17:24,23.169
2021-10-27 23:32:24,23.168
2021-10-27 23:47:24,23.16
2021-10-27 23:47:25,23.16
2021-10-28 00:02:24,23.159
2021-10-28 00:17:24,23.162
2021-10-28 00:32:24,23.157
2021-10-28 00:47:24,23.165
2021-10-28 01:02:24,23.154
2021-10-28 01:17:24,23.154
2021-10-28 01:32:24,23.152
2021-10-28 01:47:24,23.154
